const uint8_t Roboto_Medium40pt7bBitmaps[] PROGMEM = {
  0x00, 0xFF, 0xFF, 0xFF, 0xFF, 0xFF, 0xFF, 0xFF, 0xFF, 0xFF, 0xFF, 0xFF,
  0xFF, 0xFF, 0xFF, 0xFF, 0xFF, 0xFF, 0xFF, 0xFF, 0xFF, 0xFF, 0xFF, 0xFF,
  0xFF, 0xFF, 0xFF, 0xFF, 0xFF, 0xFF, 0xFF, 0xFF, 0xFF, 0xFF, 0xFF, 0xFF,
  0xFF, 0xFF, 0xFF, 0xFF, 0xFF, 0xFF, 0xF8, 0x00, 0x00, 0x00, 0x00, 0x00,
  0x00, 0x00, 0x00, 0x00, 0x03, 0xFF, 0xFF, 0xFF, 0xFF, 0xFF, 0xFF, 0xFF,
  0xFF, 0xFF, 0xFE, 0xFF, 0x0F, 0xFF, 0xF8, 0x7F, 0xFF, 0xC3, 0xFF, 0xFE,
  0x1F, 0xFF, 0xF0, 0xFF, 0xFF, 0x87, 0xFF, 0xFC, 0x3F, 0xFF, 0xE1, 0xFF,
  0xFF, 0x0F, 0xFF, 0xF8, 0x7F, 0xFF, 0xC3, 0xFF, 0xFE, 0x1F, 0xEF, 0xE0,
  0xFF, 0x7F, 0x07, 0xF3, 0xF8, 0x3F, 0x9F, 0x81, 0xFC, 0xFC, 0x0F, 0xC7,
  0xC0, 0x7E, 0x3E, 0x03, 0xE1, 0xF0, 0x1F, 0x00, 0x00, 0x00, 0xFE, 0x01,
  0xFC, 0x00, 0x00, 0x1F, 0xC0, 0x3F, 0x80, 0x00, 0x03, 0xF0, 0x07, 0xE0,
  0x00, 0x00, 0x7E, 0x00, 0xFC, 0x00, 0x00, 0x0F, 0xC0, 0x3F, 0x80, 0x00,
  0x03, 0xF8, 0x07, 0xF0, 0x00, 0x00, 0x7F, 0x00, 0xFC, 0x00, 0x00, 0x0F,
  0xC0, 0x1F, 0x80, 0x00, 0x01, 0xF8, 0x03, 0xF0, 0x00, 0x00, 0x3F, 0x00,
  0xFE, 0x00, 0x00, 0x0F, 0xE0, 0x1F, 0xC0, 0x00, 0x01, 0xF8, 0x03, 0xF0,
  0x00, 0x00, 0x3F, 0x00, 0x7E, 0x00, 0x00, 0x07, 0xE0, 0x0F, 0xC0, 0x07,
  0xFF, 0xFF, 0xFF, 0xFF, 0xF8, 0xFF, 0xFF, 0xFF, 0xFF, 0xFF, 0x1F, 0xFF,
  0xFF, 0xFF, 0xFF, 0xE3, 0xFF, 0xFF, 0xFF, 0xFF, 0xFC, 0x7F, 0xFF, 0xFF,
  0xFF, 0xFF, 0x8F, 0xFF, 0xFF, 0xFF, 0xFF, 0xF0, 0x00, 0xFE, 0x01, 0xFC,
  0x00, 0x00, 0x1F, 0xC0, 0x3F, 0x00, 0x00, 0x03, 0xF0, 0x07, 0xE0, 0x00,
  0x00, 0x7E, 0x00, 0xFC, 0x00, 0x00, 0x0F, 0xC0, 0x1F, 0x80, 0x00, 0x03,
  0xF8, 0x07, 0xF0, 0x00, 0x00, 0x7F, 0x00, 0xFE, 0x00, 0x00, 0x0F, 0xC0,
  0x1F, 0x80, 0x00, 0x01, 0xF8, 0x03, 0xF0, 0x00, 0x00, 0x3F, 0x00, 0x7E,
  0x00, 0x00, 0x07, 0xE0, 0x1F, 0xC0, 0x00, 0x01, 0xFC, 0x03, 0xF8, 0x00,
  0xFF, 0xFF, 0xFF, 0xFF, 0xFF, 0x1F, 0xFF, 0xFF, 0xFF, 0xFF, 0xE3, 0xFF,
  0xFF, 0xFF, 0xFF, 0xFC, 0x7F, 0xFF, 0xFF, 0xFF, 0xFF, 0x8F, 0xFF, 0xFF,
  0xFF, 0xFF, 0xF1, 0xFF, 0xFF, 0xFF, 0xFF, 0xFE, 0x3F, 0xFF, 0xFF, 0xFF,
  0xFF, 0xC0, 0x03, 0xF0, 0x07, 0xE0, 0x00, 0x00, 0x7E, 0x00, 0xFC, 0x00,
  0x00, 0x0F, 0xC0, 0x1F, 0x80, 0x00, 0x03, 0xF8, 0x07, 0xF0, 0x00, 0x00,
  0x7F, 0x00, 0xFE, 0x00, 0x00, 0x0F, 0xE0, 0x1F, 0x80, 0x00, 0x01, 0xF8,
  0x03, 0xF0, 0x00, 0x00, 0x3F, 0x00, 0x7E, 0x00, 0x00, 0x07, 0xE0, 0x1F,
  0xC0, 0x00, 0x01, 0xFC, 0x03, 0xF8, 0x00, 0x00, 0x3F, 0x80, 0x7E, 0x00,
  0x00, 0x07, 0xE0, 0x0F, 0xC0, 0x00, 0x00, 0xFC, 0x01, 0xF8, 0x00, 0x00,
  0x1F, 0x80, 0x3F, 0x00, 0x00, 0x07, 0xF0, 0x0F, 0xE0, 0x00, 0x00, 0xFE,
  0x01, 0xFC, 0x00, 0x00, 0x00, 0x00, 0x7E, 0x00, 0x00, 0x00, 0x03, 0xF0,
  0x00, 0x00, 0x00, 0x1F, 0x80, 0x00, 0x00, 0x00, 0xFC, 0x00, 0x00, 0x00,
  0x07, 0xE0, 0x00, 0x00, 0x00, 0x3F, 0x00, 0x00, 0x00, 0x01, 0xF8, 0x00,
  0x00, 0x00, 0x0F, 0xC0, 0x00, 0x00, 0x00, 0x7E, 0x00, 0x00, 0x00, 0x3F,
  0xFE, 0x00, 0x00, 0x07, 0xFF, 0xFE, 0x00, 0x00, 0xFF, 0xFF, 0xFC, 0x00,
  0x1F, 0xFF, 0xFF, 0xF0, 0x01, 0xFF, 0xFF, 0xFF, 0xC0, 0x0F, 0xFF, 0xFF,
  0xFF, 0x00, 0xFF, 0xFF, 0xFF, 0xF8, 0x0F, 0xFF, 0x83, 0xFF, 0xE0, 0x7F,
  0xF0, 0x07, 0xFF, 0x07, 0xFF, 0x00, 0x1F, 0xFC, 0x3F, 0xF0, 0x00, 0x7F,
  0xE1, 0xFF, 0x00, 0x01, 0xFF, 0x0F, 0xF8, 0x00, 0x0F, 0xFC, 0x7F, 0xC0,
  0x00, 0x7F, 0xE3, 0xFE, 0x00, 0x01, 0xFF, 0x1F, 0xF0, 0x00, 0x0F, 0xF8,
  0xFF, 0x80, 0x00, 0x7F, 0xC7, 0xFC, 0x00, 0x00, 0x00, 0x3F, 0xF0, 0x00,
  0x00, 0x01, 0xFF, 0x80, 0x00, 0x00, 0x0F, 0xFE, 0x00, 0x00, 0x00, 0x3F,
  0xFC, 0x00, 0x00, 0x01, 0xFF, 0xF0, 0x00, 0x00, 0x07, 0xFF, 0xF0, 0x00,
  0x00, 0x1F, 0xFF, 0xE0, 0x00, 0x00, 0xFF, 0xFF, 0xE0, 0x00, 0x01, 0xFF,
  0xFF, 0xC0, 0x00, 0x07, 0xFF, 0xFF, 0x80, 0x00, 0x1F, 0xFF, 0xFF, 0x00,
  0x00, 0x3F, 0xFF, 0xFC, 0x00, 0x00, 0x7F, 0xFF, 0xF0, 0x00, 0x00, 0x7F,
  0xFF, 0xC0, 0x00, 0x00, 0x7F, 0xFF, 0x00, 0x00, 0x00, 0xFF, 0xF8, 0x00,
  0x00, 0x01, 0xFF, 0xE0, 0x00, 0x00, 0x07, 0xFF, 0x00, 0x00, 0x00, 0x1F,
  0xFC, 0x00, 0x00, 0x00, 0x7F, 0xE0, 0x00, 0x00, 0x01, 0xFF, 0x7F, 0xC0,
  0x00, 0x0F, 0xFB, 0xFE, 0x00, 0x00, 0x7F, 0xDF, 0xF0, 0x00, 0x03, 0xFE,
  0xFF, 0x80, 0x00, 0x1F, 0xF7, 0xFC, 0x00, 0x00, 0xFF, 0xBF, 0xF0, 0x00,
  0x0F, 0xFD, 0xFF, 0x80, 0x00, 0x7F, 0xE7, 0xFE, 0x00, 0x07, 0xFF, 0x3F,
  0xF8, 0x00, 0x7F, 0xF1, 0xFF, 0xF8, 0x0F, 0xFF, 0x87, 0xFF, 0xFF, 0xFF,
  0xF8, 0x1F, 0xFF, 0xFF, 0xFF, 0x80, 0x7F, 0xFF, 0xFF, 0xFC, 0x01, 0xFF,
  0xFF, 0xFF, 0x80, 0x07, 0xFF, 0xFF, 0xF8, 0x00, 0x0F, 0xFF, 0xFF, 0x00,
  0x00, 0x1F, 0xFF, 0xE0, 0x00, 0x00, 0x07, 0xE0, 0x00, 0x00, 0x00, 0x3F,
  0x00, 0x00, 0x00, 0x01, 0xF8, 0x00, 0x00, 0x00, 0x0F, 0xC0, 0x00, 0x00,
  0x00, 0x7E, 0x00, 0x00, 0x00, 0x03, 0xF0, 0x00, 0x00, 0x00, 0x1F, 0x80,
  0x00, 0x00, 0x00, 0xFC, 0x00, 0x00, 0x00, 0xFE, 0x00, 0x00, 0x00, 0x00,
  0x01, 0xFF, 0xF0, 0x00, 0x00, 0x00, 0x00, 0xFF, 0xFE, 0x00, 0x00, 0x00,
  0x00, 0x7F, 0xFF, 0xC0, 0x00, 0x00, 0x00, 0x3F, 0xFF, 0xF8, 0x00, 0x00,
  0x00, 0x1F, 0xFF, 0xFF, 0x00, 0x00, 0x00, 0x07, 0xF8, 0x3F, 0xC0, 0x01,
  0x80, 0x03, 0xFC, 0x07, 0xF8, 0x00, 0x78, 0x00, 0xFE, 0x00, 0xFE, 0x00,
  0x3F, 0x80, 0x3F, 0x80, 0x3F, 0x80, 0x1F, 0xC0, 0x0F, 0xC0, 0x07, 0xE0,
  0x07, 0xE0, 0x03, 0xF0, 0x01, 0xF8, 0x03, 0xF8, 0x00, 0xFC, 0x00, 0x7E,
  0x00, 0xFC, 0x00, 0x3F, 0x00, 0x1F, 0x80, 0x7E, 0x00, 0x0F, 0xC0, 0x07,
  0xE0, 0x3F, 0x80, 0x03, 0xF0, 0x01, 0xF8, 0x0F, 0xC0, 0x00, 0xFC, 0x00,
  0x7E, 0x07, 0xF0, 0x00, 0x3F, 0x80, 0x3F, 0x83, 0xF8, 0x00, 0x0F, 0xE0,
  0x0F, 0xE0, 0xFC, 0x00, 0x01, 0xFC, 0x07, 0xF0, 0x7F, 0x00, 0x00, 0x7F,
  0xEF, 0xFC, 0x1F, 0x80, 0x00, 0x0F, 0xFF, 0xFE, 0x0F, 0xC0, 0x00, 0x01,
  0xFF, 0xFF, 0x07, 0xF0, 0x00, 0x00, 0x3F, 0xFF, 0x81, 0xF8, 0x00, 0x00,
  0x03, 0xFF, 0x80, 0xFE, 0x00, 0x00, 0x00, 0x1F, 0x80, 0x7F, 0x00, 0x00,
  0x00, 0x00, 0x00, 0x1F, 0x80, 0x00, 0x00, 0x00, 0x00, 0x0F, 0xE0, 0x00,
  0x00, 0x00, 0x00, 0x03, 0xF0, 0x00, 0x00, 0x00, 0x00, 0x01, 0xF8, 0x00,
  0x00, 0x00, 0x00, 0x00, 0xFE, 0x00, 0x00, 0x00, 0x00, 0x00, 0x3F, 0x00,
  0x7E, 0x00, 0x00, 0x00, 0x1F, 0xC0, 0xFF, 0xF0, 0x00, 0x00, 0x0F, 0xE0,
  0x7F, 0xFF, 0x00, 0x00, 0x03, 0xF0, 0x3F, 0xFF, 0xE0, 0x00, 0x01, 0xFC,
  0x1F, 0xFF, 0xFC, 0x00, 0x00, 0x7E, 0x0F, 0xF9, 0xFF, 0x00, 0x00, 0x3F,
  0x03, 0xF8, 0x0F, 0xE0, 0x00, 0x1F, 0xC1, 0xFC, 0x03, 0xF8, 0x00, 0x07,
  0xE0, 0x7E, 0x00, 0x7F, 0x00, 0x03, 0xF8, 0x1F, 0x80, 0x1F, 0xC0, 0x01,
  0xFC, 0x0F, 0xE0, 0x07, 0xF0, 0x00, 0x7E, 0x03, 0xF8, 0x00, 0xFC, 0x00,
  0x3F, 0x80, 0xFE, 0x00, 0x3F, 0x00, 0x0F, 0xC0, 0x3F, 0x80, 0x0F, 0xC0,
  0x07, 0xE0, 0x0F, 0xE0, 0x07, 0xF0, 0x03, 0xF8, 0x03, 0xF8, 0x01, 0xFC,
  0x00, 0xFC, 0x00, 0x7E, 0x00, 0x7F, 0x00, 0x7F, 0x00, 0x1F, 0xC0, 0x1F,
  0xC0, 0x1F, 0x80, 0x07, 0xF8, 0x0F, 0xE0, 0x01, 0xC0, 0x01, 0xFF, 0x07,
  0xF8, 0x00, 0x10, 0x00, 0x3F, 0xFF, 0xFC, 0x00, 0x00, 0x00, 0x07, 0xFF,
  0xFF, 0x00, 0x00, 0x00, 0x01, 0xFF, 0xFF, 0x80, 0x00, 0x00, 0x00, 0x3F,
  0xFF, 0xC0, 0x00, 0x00, 0x00, 0x03, 0xFF, 0xE0, 0x00, 0x00, 0x00, 0x00,
  0x3F, 0xC0, 0x00, 0x00, 0x01, 0xFF, 0x00, 0x00, 0x00, 0x00, 0x3F, 0xFF,
  0x80, 0x00, 0x00, 0x01, 0xFF, 0xFF, 0x00, 0x00, 0x00, 0x1F, 0xFF, 0xFE,
  0x00, 0x00, 0x00, 0xFF, 0xFF, 0xFC, 0x00, 0x00, 0x03, 0xFF, 0xFF, 0xF8,
  0x00, 0x00, 0x1F, 0xFF, 0xFF, 0xF0, 0x00, 0x00, 0xFF, 0xFB, 0xFF, 0xC0,
  0x00, 0x03, 0xFF, 0x01, 0xFF, 0x80, 0x00, 0x0F, 0xF8, 0x03, 0xFE, 0x00,
  0x00, 0x7F, 0xE0, 0x07, 0xF8, 0x00, 0x01, 0xFF, 0x00, 0x1F, 0xE0, 0x00,
  0x07, 0xFC, 0x00, 0x7F, 0x80, 0x00, 0x1F, 0xF0, 0x01, 0xFE, 0x00, 0x00,
  0x7F, 0xC0, 0x07, 0xF8, 0x00, 0x01, 0xFF, 0x00, 0x1F, 0xE0, 0x00, 0x07,
  0xFC, 0x00, 0xFF, 0x80, 0x00, 0x0F, 0xF8, 0x03, 0xFC, 0x00, 0x00, 0x3F,
  0xE0, 0x1F, 0xF0, 0x00, 0x00, 0xFF, 0xC1, 0xFF, 0x80, 0x00, 0x01, 0xFF,
  0x0F, 0xFE, 0x00, 0x00, 0x07, 0xFE, 0xFF, 0xF0, 0x00, 0x00, 0x0F, 0xFF,
  0xFF, 0x80, 0x00, 0x00, 0x3F, 0xFF, 0xFC, 0x00, 0x00, 0x00, 0x7F, 0xFF,
  0xC0, 0x00, 0x00, 0x00, 0xFF, 0xFE, 0x00, 0x00, 0x00, 0x01, 0xFF, 0xF0,
  0x00, 0x00, 0x00, 0x1F, 0xFF, 0x00, 0x00, 0x00, 0x00, 0xFF, 0xFE, 0x00,
  0x00, 0x00, 0x07, 0xFF, 0xFC, 0x00, 0x00, 0x00, 0x3F, 0xFF, 0xF8, 0x00,
  0x7F, 0x83, 0xFF, 0xFF, 0xF0, 0x01, 0xFE, 0x0F, 0xFE, 0xFF, 0xC0, 0x07,
  0xF8, 0x7F, 0xE1, 0xFF, 0x80, 0x1F, 0xC3, 0xFF, 0x03, 0xFF, 0x00, 0xFF,
  0x1F, 0xF8, 0x07, 0xFE, 0x03, 0xFC, 0x7F, 0xE0, 0x1F, 0xFC, 0x0F, 0xF1,
  0xFF, 0x00, 0x3F, 0xF8, 0x7F, 0xC7, 0xFC, 0x00, 0x7F, 0xF1, 0xFE, 0x3F,
  0xF0, 0x00, 0xFF, 0xCF, 0xF8, 0xFF, 0xC0, 0x01, 0xFF, 0xBF, 0xE3, 0xFF,
  0x00, 0x03, 0xFF, 0xFF, 0x0F, 0xFC, 0x00, 0x0F, 0xFF, 0xFC, 0x1F, 0xF0,
  0x00, 0x1F, 0xFF, 0xE0, 0x7F, 0xC0, 0x00, 0x3F, 0xFF, 0x81, 0xFF, 0x80,
  0x00, 0x7F, 0xFC, 0x07, 0xFF, 0x00, 0x00, 0xFF, 0xE0, 0x0F, 0xFE, 0x00,
  0x0F, 0xFF, 0x80, 0x3F, 0xFE, 0x01, 0xFF, 0xFF, 0x00, 0x7F, 0xFF, 0xFF,
  0xFF, 0xFE, 0x00, 0xFF, 0xFF, 0xFF, 0xFF, 0xFC, 0x01, 0xFF, 0xFF, 0xFF,
  0xFF, 0xF8, 0x03, 0xFF, 0xFF, 0xFF, 0x7F, 0xF0, 0x03, 0xFF, 0xFF, 0xF0,
  0xFF, 0xC0, 0x03, 0xFF, 0xFF, 0x01, 0xFF, 0x80, 0x01, 0xFF, 0xC0, 0x07,
  0xFF, 0xFF, 0xFF, 0xFF, 0xFF, 0xFF, 0xFF, 0xFF, 0xFF, 0xFF, 0xFF, 0xFF,
  0xFF, 0xDF, 0xEF, 0xF7, 0xF3, 0xF9, 0xFC, 0xFC, 0x7E, 0x3F, 0x1F, 0x00,
  0x00, 0x00, 0x60, 0x00, 0x07, 0x80, 0x00, 0xFC, 0x00, 0x0F, 0xE0, 0x00,
  0xFF, 0x80, 0x0F, 0xF8, 0x00, 0x7F, 0x80, 0x07, 0xF8, 0x00, 0x7F, 0x80,
  0x07, 0xF8, 0x00, 0x3F, 0xC0, 0x03, 0xFC, 0x00, 0x3F, 0xC0, 0x01, 0xFE,
  0x00, 0x1F, 0xE0, 0x00, 0xFF, 0x00, 0x0F, 0xF0, 0x00, 0x7F, 0x80, 0x07,
  0xF8, 0x00, 0x3F, 0xC0, 0x01, 0xFE, 0x00, 0x1F, 0xE0, 0x00, 0xFF, 0x00,
  0x07, 0xF8, 0x00, 0x7F, 0xC0, 0x03, 0xFE, 0x00, 0x1F, 0xE0, 0x00, 0xFF,
  0x00, 0x07, 0xF8, 0x00, 0x3F, 0xC0, 0x03, 0xFE, 0x00, 0x1F, 0xF0, 0x00,
  0xFF, 0x80, 0x07, 0xF8, 0x00, 0x3F, 0xC0, 0x01, 0xFE, 0x00, 0x0F, 0xF0,
  0x00, 0x7F, 0x80, 0x03, 0xFC, 0x00, 0x1F, 0xE0, 0x00, 0xFF, 0x00, 0x07,
  0xF8, 0x00, 0x3F, 0xC0, 0x01, 0xFE, 0x00, 0x0F, 0xF0, 0x00, 0x7F, 0x80,
  0x03, 0xFE, 0x00, 0x1F, 0xF0, 0x00, 0xFF, 0x80, 0x03, 0xFC, 0x00, 0x1F,
  0xE0, 0x00, 0xFF, 0x00, 0x07, 0xF8, 0x00, 0x3F, 0xE0, 0x00, 0xFF, 0x00,
  0x07, 0xF8, 0x00, 0x3F, 0xC0, 0x01, 0xFF, 0x00, 0x07, 0xF8, 0x00, 0x3F,
  0xC0, 0x00, 0xFF, 0x00, 0x07, 0xF8, 0x00, 0x3F, 0xC0, 0x00, 0xFF, 0x00,
  0x07, 0xF8, 0x00, 0x1F, 0xE0, 0x00, 0x7F, 0x00, 0x03, 0xFC, 0x00, 0x0F,
  0xF0, 0x00, 0x7F, 0x80, 0x01, 0xFE, 0x00, 0x07, 0xF8, 0x00, 0x1F, 0xE0,
  0x00, 0x7F, 0x80, 0x01, 0xFE, 0x00, 0x07, 0xE0, 0x00, 0x1F, 0x00, 0x00,
  0x78, 0x00, 0x00, 0x80, 0x40, 0x00, 0x03, 0x80, 0x00, 0x1E, 0x00, 0x01,
  0xF8, 0x00, 0x0F, 0xE0, 0x00, 0x7F, 0x80, 0x01, 0xFE, 0x00, 0x07, 0xF8,
  0x00, 0x3F, 0xE0, 0x00, 0xFF, 0x80, 0x03, 0xFC, 0x00, 0x0F, 0xF0, 0x00,
  0x7F, 0xC0, 0x01, 0xFE, 0x00, 0x0F, 0xF8, 0x00, 0x3F, 0xC0, 0x01, 0xFF,
  0x00, 0x07, 0xF8, 0x00, 0x3F, 0xE0, 0x00, 0xFF, 0x00, 0x07, 0xF8, 0x00,
  0x3F, 0xE0, 0x00, 0xFF, 0x00, 0x07, 0xFC, 0x00, 0x3F, 0xE0, 0x00, 0xFF,
  0x00, 0x07, 0xF8, 0x00, 0x3F, 0xE0, 0x01, 0xFF, 0x00, 0x0F, 0xF8, 0x00,
  0x7F, 0xC0, 0x01, 0xFE, 0x00, 0x0F, 0xF0, 0x00, 0x7F, 0x80, 0x03, 0xFE,
  0x00, 0x1F, 0xF0, 0x00, 0xFF, 0x80, 0x07, 0xFC, 0x00, 0x3F, 0xE0, 0x01,
  0xFF, 0x00, 0x0F, 0xF8, 0x00, 0x7F, 0xC0, 0x03, 0xFE, 0x00, 0x1F, 0xF0,
  0x00, 0xFF, 0x80, 0x07, 0xFC, 0x00, 0x3F, 0xC0, 0x01, 0xFE, 0x00, 0x0F,
  0xF0, 0x00, 0x7F, 0x80, 0x07, 0xFC, 0x00, 0x3F, 0xE0, 0x01, 0xFF, 0x00,
  0x0F, 0xF0, 0x00, 0x7F, 0x80, 0x03, 0xFC, 0x00, 0x3F, 0xE0, 0x01, 0xFE,
  0x00, 0x0F, 0xF0, 0x00, 0xFF, 0x80, 0x07, 0xF8, 0x00, 0x3F, 0xC0, 0x03,
  0xFC, 0x00, 0x1F, 0xE0, 0x01, 0xFF, 0x00, 0x0F, 0xF0, 0x00, 0xFF, 0x00,
  0x07, 0xF8, 0x00, 0x7F, 0x80, 0x03, 0xFC, 0x00, 0x3F, 0xC0, 0x03, 0xFC,
  0x00, 0x3F, 0xC0, 0x03, 0xFE, 0x00, 0x3F, 0xE0, 0x01, 0xFE, 0x00, 0x0F,
  0xE0, 0x00, 0x7E, 0x00, 0x01, 0xC0, 0x00, 0x0C, 0x00, 0x00, 0x00, 0x3F,
  0x80, 0x00, 0x01, 0xF8, 0x00, 0x00, 0x1F, 0x80, 0x00, 0x01, 0xF8, 0x00,
  0x00, 0x1F, 0x80, 0x00, 0x01, 0xF8, 0x00, 0x40, 0x1F, 0x80, 0x07, 0x81,
  0xF8, 0x1C, 0x7F, 0x1F, 0x8F, 0xC7, 0xFF, 0xFB, 0xFE, 0xFF, 0xFF, 0xFF,
  0xEF, 0xFF, 0xFF, 0xFE, 0xFF, 0xFF, 0xFF, 0xE1, 0xFF, 0xFF, 0xFD, 0x03,
  0xFF, 0xFE, 0x00, 0x0F, 0xFE, 0x00, 0x00, 0xFF, 0xE0, 0x00, 0x1F, 0xFF,
  0x00, 0x03, 0xFF, 0xF8, 0x00, 0x7F, 0xBF, 0x80, 0x07, 0xF3, 0xFC, 0x00,
  0xFF, 0x1F, 0xE0, 0x1F, 0xE0, 0xFE, 0x01, 0xFC, 0x0F, 0xF0, 0x07, 0xC0,
  0x7E, 0x00, 0x38, 0x03, 0x80, 0x01, 0x00, 0x30, 0x00, 0x00, 0x03, 0xFE,
  0x00, 0x00, 0x00, 0x0F, 0xF8, 0x00, 0x00, 0x00, 0x3F, 0xE0, 0x00, 0x00,
  0x00, 0xFF, 0x80, 0x00, 0x00, 0x03, 0xFE, 0x00, 0x00, 0x00, 0x0F, 0xF8,
  0x00, 0x00, 0x00, 0x3F, 0xE0, 0x00, 0x00, 0x00, 0xFF, 0x80, 0x00, 0x00,
  0x03, 0xFE, 0x00, 0x00, 0x00, 0x0F, 0xF8, 0x00, 0x00, 0x00, 0x3F, 0xE0,
  0x00, 0x00, 0x00, 0xFF, 0x80, 0x00, 0x00, 0x03, 0xFE, 0x00, 0x00, 0x00,
  0x0F, 0xF8, 0x00, 0x00, 0x00, 0x3F, 0xE0, 0x00, 0x3F, 0xFF, 0xFF, 0xFF,
  0xFF, 0xFF, 0xFF, 0xFF, 0xFF, 0xFF, 0xFF, 0xFF, 0xFF, 0xFF, 0xFF, 0xFF,
  0xFF, 0xFF, 0xFF, 0xFF, 0xFF, 0xFF, 0xFF, 0xFF, 0xFF, 0xFF, 0xFF, 0xFF,
  0xFF, 0xFF, 0xFF, 0xFF, 0xFF, 0xFF, 0xFF, 0xFF, 0xFF, 0xFF, 0xFF, 0xFF,
  0xFF, 0xFF, 0xFF, 0x00, 0x03, 0xFE, 0x00, 0x00, 0x00, 0x0F, 0xF8, 0x00,
  0x00, 0x00, 0x3F, 0xE0, 0x00, 0x00, 0x00, 0xFF, 0x80, 0x00, 0x00, 0x03,
  0xFE, 0x00, 0x00, 0x00, 0x0F, 0xF8, 0x00, 0x00, 0x00, 0x3F, 0xE0, 0x00,
  0x00, 0x00, 0xFF, 0x80, 0x00, 0x00, 0x03, 0xFE, 0x00, 0x00, 0x00, 0x0F,
  0xF8, 0x00, 0x00, 0x00, 0x3F, 0xE0, 0x00, 0x00, 0x00, 0xFF, 0x80, 0x00,
  0x00, 0x03, 0xFE, 0x00, 0x00, 0x00, 0x0F, 0xF8, 0x00, 0x00, 0x00, 0x3F,
  0xE0, 0x00, 0x00, 0x00, 0xFF, 0x80, 0x00, 0x1F, 0xF1, 0xFF, 0x1F, 0xF1,
  0xFF, 0x1F, 0xF1, 0xFF, 0x1F, 0xF1, 0xFF, 0x1F, 0xF3, 0xFE, 0x3F, 0xE3,
  0xFC, 0x3F, 0xC7, 0xF8, 0x7F, 0x87, 0xF0, 0x7F, 0x07, 0xE0, 0xFE, 0x0F,
  0xC0, 0xFF, 0xFF, 0xFF, 0xFF, 0xFF, 0xFF, 0xFF, 0xFF, 0xFF, 0xFF, 0xFF,
  0xFF, 0xFF, 0xFF, 0xFF, 0xFF, 0xFF, 0xFF, 0xFF, 0xC0, 0xFF, 0xFF, 0xFF,
  0xFF, 0xFF, 0xFF, 0xFF, 0xFF, 0xFF, 0xFF, 0x80, 0x00, 0x00, 0x03, 0xFC,
  0x00, 0x00, 0x1F, 0xF0, 0x00, 0x00, 0x7F, 0x80, 0x00, 0x01, 0xFE, 0x00,
  0x00, 0x0F, 0xF8, 0x00, 0x00, 0x3F, 0xC0, 0x00, 0x00, 0xFF, 0x00, 0x00,
  0x07, 0xFC, 0x00, 0x00, 0x1F, 0xE0, 0x00, 0x00, 0xFF, 0x80, 0x00, 0x03,
  0xFE, 0x00, 0x00, 0x0F, 0xF0, 0x00, 0x00, 0x7F, 0xC0, 0x00, 0x01, 0xFE,
  0x00, 0x00, 0x07, 0xF8, 0x00, 0x00, 0x3F, 0xE0, 0x00, 0x00, 0xFF, 0x00,
  0x00, 0x03, 0xFC, 0x00, 0x00, 0x1F, 0xF0, 0x00, 0x00, 0x7F, 0x80, 0x00,
  0x03, 0xFE, 0x00, 0x00, 0x0F, 0xF8, 0x00, 0x00, 0x3F, 0xC0, 0x00, 0x01,
  0xFF, 0x00, 0x00, 0x07, 0xF8, 0x00, 0x00, 0x1F, 0xE0, 0x00, 0x00, 0xFF,
  0x80, 0x00, 0x03, 0xFC, 0x00, 0x00, 0x0F, 0xF0, 0x00, 0x00, 0x7F, 0xC0,
  0x00, 0x01, 0xFE, 0x00, 0x00, 0x0F, 0xF8, 0x00, 0x00, 0x3F, 0xE0, 0x00,
  0x00, 0xFF, 0x00, 0x00, 0x07, 0xFC, 0x00, 0x00, 0x1F, 0xE0, 0x00, 0x00,
  0x7F, 0x80, 0x00, 0x03, 0xFE, 0x00, 0x00, 0x0F, 0xF0, 0x00, 0x00, 0x3F,
  0xC0, 0x00, 0x01, 0xFF, 0x00, 0x00, 0x07, 0xF8, 0x00, 0x00, 0x3F, 0xE0,
  0x00, 0x00, 0xFF, 0x80, 0x00, 0x03, 0xFC, 0x00, 0x00, 0x1F, 0xF0, 0x00,
  0x00, 0x7F, 0x80, 0x00, 0x01, 0xFE, 0x00, 0x00, 0x0F, 0xF8, 0x00, 0x00,
  0x3F, 0xC0, 0x00, 0x00, 0xFF, 0x00, 0x00, 0x07, 0xFC, 0x00, 0x00, 0x1F,
  0xE0, 0x00, 0x00, 0xFF, 0x80, 0x00, 0x03, 0xFE, 0x00, 0x00, 0x0F, 0xF0,
  0x00, 0x00, 0x7F, 0xC0, 0x00, 0x01, 0xFE, 0x00, 0x00, 0x07, 0xF8, 0x00,
  0x00, 0x3F, 0xE0, 0x00, 0x00, 0x00, 0x03, 0xFE, 0x00, 0x00, 0x03, 0xFF,
  0xFC, 0x00, 0x00, 0x7F, 0xFF, 0xF0, 0x00, 0x1F, 0xFF, 0xFF, 0x80, 0x03,
  0xFF, 0xFF, 0xFC, 0x00, 0x7F, 0xFF, 0xFF, 0xE0, 0x0F, 0xFF, 0xFF, 0xFF,
  0x01, 0xFF, 0xF9, 0xFF, 0xF8, 0x1F, 0xFC, 0x03, 0xFF, 0x83, 0xFF, 0x00,
  0x0F, 0xFC, 0x3F, 0xF0, 0x00, 0x7F, 0xC7, 0xFE, 0x00, 0x07, 0xFE, 0x7F,
  0xC0, 0x00, 0x3F, 0xE7, 0xFC, 0x00, 0x03, 0xFE, 0x7F, 0xC0, 0x00, 0x1F,
  0xFF, 0xFC, 0x00, 0x01, 0xFF, 0xFF, 0x80, 0x00, 0x1F, 0xFF, 0xF8, 0x00,
  0x01, 0xFF, 0xFF, 0x80, 0x00, 0x1F, 0xFF, 0xF8, 0x00, 0x01, 0xFF, 0xFF,
  0x80, 0x00, 0x1F, 0xFF, 0xF8, 0x00, 0x01, 0xFF, 0xFF, 0x80, 0x00, 0x1F,
  0xFF, 0xF8, 0x00, 0x01, 0xFF, 0xFF, 0x80, 0x00, 0x1F, 0xFF, 0xF8, 0x00,
  0x01, 0xFF, 0xFF, 0x80, 0x00, 0x1F, 0xFF, 0xF8, 0x00, 0x01, 0xFF, 0xFF,
  0x80, 0x00, 0x1F, 0xFF, 0xF8, 0x00, 0x01, 0xFF, 0xFF, 0x80, 0x00, 0x1F,
  0xFF, 0xF8, 0x00, 0x01, 0xFF, 0xFF, 0x80, 0x00, 0x1F, 0xFF, 0xF8, 0x00,
  0x01, 0xFF, 0xFF, 0x80, 0x00, 0x1F, 0xFF, 0xF8, 0x00, 0x01, 0xFF, 0xFF,
  0x80, 0x00, 0x1F, 0xFF, 0xF8, 0x00, 0x01, 0xFF, 0xFF, 0x80, 0x00, 0x1F,
  0xFF, 0xF8, 0x00, 0x01, 0xFF, 0xFF, 0x80, 0x00, 0x1F, 0xFF, 0xFC, 0x00,
  0x01, 0xFF, 0x7F, 0xC0, 0x00, 0x1F, 0xF7, 0xFC, 0x00, 0x03, 0xFF, 0x7F,
  0xC0, 0x00, 0x3F, 0xE7, 0xFE, 0x00, 0x07, 0xFE, 0x3F, 0xF0, 0x00, 0x7F,
  0xE3, 0xFF, 0x00, 0x0F, 0xFC, 0x1F, 0xFC, 0x01, 0xFF, 0xC1, 0xFF, 0xF9,
  0xFF, 0xF8, 0x0F, 0xFF, 0xFF, 0xFF, 0x00, 0x7F, 0xFF, 0xFF, 0xE0, 0x03,
  0xFF, 0xFF, 0xFC, 0x00, 0x1F, 0xFF, 0xFF, 0x80, 0x00, 0x7F, 0xFF, 0xF0,
  0x00, 0x03, 0xFF, 0xFC, 0x00, 0x00, 0x07, 0xFE, 0x00, 0x00, 0x00, 0x0F,
  0xFB, 0xFF, 0xFF, 0xFF, 0xFF, 0xFF, 0xFF, 0xFF, 0xFF, 0xFF, 0xFF, 0xFF,
  0xFF, 0xFF, 0xFF, 0xFF, 0xFF, 0xFF, 0xFF, 0xFF, 0xFF, 0xF8, 0x00, 0xFF,
  0xC0, 0x07, 0xFE, 0x00, 0x3F, 0xF0, 0x01, 0xFF, 0x80, 0x0F, 0xFC, 0x00,
  0x7F, 0xE0, 0x03, 0xFF, 0x00, 0x1F, 0xF8, 0x00, 0xFF, 0xC0, 0x07, 0xFE,
  0x00, 0x3F, 0xF0, 0x01, 0xFF, 0x80, 0x0F, 0xFC, 0x00, 0x7F, 0xE0, 0x03,
  0xFF, 0x00, 0x1F, 0xF8, 0x00, 0xFF, 0xC0, 0x07, 0xFE, 0x00, 0x3F, 0xF0,
  0x01, 0xFF, 0x80, 0x0F, 0xFC, 0x00, 0x7F, 0xE0, 0x03, 0xFF, 0x00, 0x1F,
  0xF8, 0x00, 0xFF, 0xC0, 0x07, 0xFE, 0x00, 0x3F, 0xF0, 0x01, 0xFF, 0x80,
  0x0F, 0xFC, 0x00, 0x7F, 0xE0, 0x03, 0xFF, 0x00, 0x1F, 0xF8, 0x00, 0xFF,
  0xC0, 0x07, 0xFE, 0x00, 0x3F, 0xF0, 0x01, 0xFF, 0x80, 0x0F, 0xFC, 0x00,
  0x7F, 0xE0, 0x03, 0xFF, 0x00, 0x1F, 0xF8, 0x00, 0xFF, 0xC0, 0x07, 0xFE,
  0x00, 0x3F, 0xF0, 0x01, 0xFF, 0x80, 0x0F, 0xFC, 0x00, 0x7F, 0xE0, 0x03,
  0xFF, 0x00, 0x07, 0xFE, 0x00, 0x00, 0x01, 0xFF, 0xFE, 0x00, 0x00, 0x3F,
  0xFF, 0xFC, 0x00, 0x03, 0xFF, 0xFF, 0xF8, 0x00, 0x3F, 0xFF, 0xFF, 0xE0,
  0x03, 0xFF, 0xFF, 0xFF, 0x80, 0x3F, 0xFF, 0xFF, 0xFE, 0x03, 0xFF, 0xF1,
  0xFF, 0xF0, 0x3F, 0xFC, 0x01, 0xFF, 0xC1, 0xFF, 0x80, 0x07, 0xFE, 0x1F,
  0xF8, 0x00, 0x1F, 0xF8, 0xFF, 0xC0, 0x00, 0xFF, 0xC7, 0xFC, 0x00, 0x03,
  0xFE, 0x3F, 0xE0, 0x00, 0x1F, 0xF3, 0xFF, 0x00, 0x00, 0xFF, 0x9F, 0xF8,
  0x00, 0x07, 0xFC, 0xFF, 0x80, 0x00, 0x3F, 0xE0, 0x00, 0x00, 0x01, 0xFF,
  0x00, 0x00, 0x00, 0x1F, 0xF8, 0x00, 0x00, 0x00, 0xFF, 0xC0, 0x00, 0x00,
  0x07, 0xFC, 0x00, 0x00, 0x00, 0x7F, 0xE0, 0x00, 0x00, 0x03, 0xFF, 0x00,
  0x00, 0x00, 0x3F, 0xF0, 0x00, 0x00, 0x03, 0xFF, 0x00, 0x00, 0x00, 0x1F,
  0xF8, 0x00, 0x00, 0x01, 0xFF, 0x80, 0x00, 0x00, 0x1F, 0xF8, 0x00, 0x00,
  0x01, 0xFF, 0xC0, 0x00, 0x00, 0x0F, 0xFC, 0x00, 0x00, 0x00, 0xFF, 0xC0,
  0x00, 0x00, 0x0F, 0xFC, 0x00, 0x00, 0x00, 0xFF, 0xE0, 0x00, 0x00, 0x0F,
  0xFE, 0x00, 0x00, 0x00, 0xFF, 0xE0, 0x00, 0x00, 0x0F, 0xFE, 0x00, 0x00,
  0x00, 0x7F, 0xE0, 0x00, 0x00, 0x07, 0xFE, 0x00, 0x00, 0x00, 0x7F, 0xE0,
  0x00, 0x00, 0x07, 0xFF, 0x00, 0x00, 0x00, 0x7F, 0xF0, 0x00, 0x00, 0x07,
  0xFF, 0x00, 0x00, 0x00, 0x7F, 0xF0, 0x00, 0x00, 0x07, 0xFF, 0x00, 0x00,
  0x00, 0x3F, 0xF0, 0x00, 0x00, 0x03, 0xFF, 0x00, 0x00, 0x00, 0x3F, 0xF0,
  0x00, 0x00, 0x03, 0xFF, 0x80, 0x00, 0x00, 0x3F, 0xF8, 0x00, 0x00, 0x03,
  0xFF, 0xFF, 0xFF, 0xFF, 0xDF, 0xFF, 0xFF, 0xFF, 0xFE, 0xFF, 0xFF, 0xFF,
  0xFF, 0xF7, 0xFF, 0xFF, 0xFF, 0xFF, 0xBF, 0xFF, 0xFF, 0xFF, 0xFD, 0xFF,
  0xFF, 0xFF, 0xFF, 0xEF, 0xFF, 0xFF, 0xFF, 0xFF, 0x00, 0x07, 0xFF, 0x00,
  0x00, 0x01, 0xFF, 0xFF, 0x00, 0x00, 0x3F, 0xFF, 0xFE, 0x00, 0x07, 0xFF,
  0xFF, 0xF8, 0x00, 0x7F, 0xFF, 0xFF, 0xF0, 0x07, 0xFF, 0xFF, 0xFF, 0xC0,
  0x7F, 0xFF, 0xFF, 0xFE, 0x03, 0xFF, 0xF1, 0xFF, 0xF8, 0x3F, 0xFC, 0x01,
  0xFF, 0xC1, 0xFF, 0x80, 0x07, 0xFF, 0x1F, 0xF8, 0x00, 0x1F, 0xF8, 0xFF,
  0x80, 0x00, 0x7F, 0xC7, 0xFC, 0x00, 0x03, 0xFF, 0x3F, 0xE0, 0x00, 0x1F,
  0xF9, 0xFF, 0x00, 0x00, 0xFF, 0xC0, 0x00, 0x00, 0x03, 0xFE, 0x00, 0x00,
  0x00, 0x1F, 0xF0, 0x00, 0x00, 0x01, 0xFF, 0x80, 0x00, 0x00, 0x0F, 0xF8,
  0x00, 0x00, 0x00, 0x7F, 0xC0, 0x00, 0x00, 0x07, 0xFE, 0x00, 0x00, 0x00,
  0x3F, 0xE0, 0x00, 0x00, 0x03, 0xFF, 0x00, 0x00, 0x00, 0x7F, 0xF0, 0x00,
  0x0F, 0xFF, 0xFF, 0x00, 0x00, 0x7F, 0xFF, 0xF0, 0x00, 0x03, 0xFF, 0xFF,
  0x00, 0x00, 0x1F, 0xFF, 0xE0, 0x00, 0x00, 0xFF, 0xFF, 0xC0, 0x00, 0x07,
  0xFF, 0xFF, 0x80, 0x00, 0x3F, 0xFF, 0xFE, 0x00, 0x00, 0x01, 0xFF, 0xF8,
  0x00, 0x00, 0x01, 0xFF, 0xC0, 0x00, 0x00, 0x03, 0xFF, 0x00, 0x00, 0x00,
  0x0F, 0xF8, 0x00, 0x00, 0x00, 0x7F, 0xE0, 0x00, 0x00, 0x01, 0xFF, 0x00,
  0x00, 0x00, 0x0F, 0xF8, 0x00, 0x00, 0x00, 0x7F, 0xE0, 0x00, 0x00, 0x03,
  0xFF, 0x00, 0x00, 0x00, 0x1F, 0xFF, 0xFC, 0x00, 0x00, 0xFF, 0xFF, 0xE0,
  0x00, 0x07, 0xFF, 0xFF, 0x00, 0x00, 0x3F, 0xEF, 0xFC, 0x00, 0x01, 0xFF,
  0x7F, 0xE0, 0x00, 0x1F, 0xF9, 0xFF, 0x80, 0x01, 0xFF, 0xCF, 0xFE, 0x00,
  0x1F, 0xFC, 0x3F, 0xF8, 0x01, 0xFF, 0xE1, 0xFF, 0xFC, 0x7F, 0xFE, 0x07,
  0xFF, 0xFF, 0xFF, 0xF0, 0x1F, 0xFF, 0xFF, 0xFF, 0x00, 0x7F, 0xFF, 0xFF,
  0xF0, 0x01, 0xFF, 0xFF, 0xFE, 0x00, 0x03, 0xFF, 0xFF, 0xE0, 0x00, 0x07,
  0xFF, 0xFC, 0x00, 0x00, 0x07, 0xFF, 0x00, 0x00, 0x00, 0x00, 0x01, 0xFF,
  0x80, 0x00, 0x00, 0x01, 0xFF, 0x80, 0x00, 0x00, 0x03, 0xFF, 0x80, 0x00,
  0x00, 0x07, 0xFF, 0x80, 0x00, 0x00, 0x07, 0xFF, 0x80, 0x00, 0x00, 0x0F,
  0xFF, 0x80, 0x00, 0x00, 0x0F, 0xFF, 0x80, 0x00, 0x00, 0x1F, 0xFF, 0x80,
  0x00, 0x00, 0x3F, 0xFF, 0x80, 0x00, 0x00, 0x3F, 0xFF, 0x80, 0x00, 0x00,
  0x7F, 0xFF, 0x80, 0x00, 0x00, 0xFF, 0xFF, 0x80, 0x00, 0x00, 0xFF, 0xFF,
  0x80, 0x00, 0x01, 0xFE, 0xFF, 0x80, 0x00, 0x01, 0xFE, 0xFF, 0x80, 0x00,
  0x03, 0xFC, 0xFF, 0x80, 0x00, 0x07, 0xFC, 0xFF, 0x80, 0x00, 0x07, 0xF8,
  0xFF, 0x80, 0x00, 0x0F, 0xF0, 0xFF, 0x80, 0x00, 0x1F, 0xF0, 0xFF, 0x80,
  0x00, 0x1F, 0xE0, 0xFF, 0x80, 0x00, 0x3F, 0xC0, 0xFF, 0x80, 0x00, 0x3F,
  0xC0, 0xFF, 0x80, 0x00, 0x7F, 0x80, 0xFF, 0x80, 0x00, 0xFF, 0x00, 0xFF,
  0x80, 0x00, 0xFF, 0x00, 0xFF, 0x80, 0x01, 0xFE, 0x00, 0xFF, 0x80, 0x03,
  0xFE, 0x00, 0xFF, 0x80, 0x03, 0xFC, 0x00, 0xFF, 0x80, 0x07, 0xF8, 0x00,
  0xFF, 0x80, 0x07, 0xF8, 0x00, 0xFF, 0x80, 0x0F, 0xF0, 0x00, 0xFF, 0x80,
  0x1F, 0xE0, 0x00, 0xFF, 0x80, 0x1F, 0xE0, 0x00, 0xFF, 0x80, 0x3F, 0xC0,
  0x00, 0xFF, 0x80, 0x7F, 0xFF, 0xFF, 0xFF, 0xFF, 0x7F, 0xFF, 0xFF, 0xFF,
  0xFF, 0xFF, 0xFF, 0xFF, 0xFF, 0xFF, 0x7F, 0xFF, 0xFF, 0xFF, 0xFF, 0x7F,
  0xFF, 0xFF, 0xFF, 0xFF, 0x7F, 0xFF, 0xFF, 0xFF, 0xFF, 0x7F, 0xFF, 0xFF,
  0xFF, 0xFF, 0x7F, 0xFF, 0xFF, 0xFF, 0xFF, 0x00, 0x00, 0x00, 0xFF, 0x80,
  0x00, 0x00, 0x00, 0xFF, 0x80, 0x00, 0x00, 0x00, 0xFF, 0x80, 0x00, 0x00,
  0x00, 0xFF, 0x80, 0x00, 0x00, 0x00, 0xFF, 0x80, 0x00, 0x00, 0x00, 0xFF,
  0x80, 0x00, 0x00, 0x00, 0xFF, 0x80, 0x00, 0x00, 0x00, 0xFF, 0x80, 0x00,
  0x00, 0x00, 0xFF, 0x80, 0x00, 0x00, 0x00, 0xFF, 0x80, 0x00, 0x00, 0x00,
  0xFF, 0x80, 0x00, 0x00, 0x00, 0xFF, 0x80, 0x0F, 0xFF, 0xFF, 0xFF, 0x81,
  0xFF, 0xFF, 0xFF, 0xF0, 0x3F, 0xFF, 0xFF, 0xFE, 0x07, 0xFF, 0xFF, 0xFF,
  0xC0, 0xFF, 0xFF, 0xFF, 0xF8, 0x1F, 0xFF, 0xFF, 0xFF, 0x03, 0xFF, 0xFF,
  0xFF, 0xE0, 0xFF, 0x80, 0x00, 0x00, 0x1F, 0xF0, 0x00, 0x00, 0x03, 0xFE,
  0x00, 0x00, 0x00, 0x7F, 0xC0, 0x00, 0x00, 0x0F, 0xF0, 0x00, 0x00, 0x01,
  0xFE, 0x00, 0x00, 0x00, 0x3F, 0xC0, 0x00, 0x00, 0x07, 0xF8, 0x00, 0x00,
  0x00, 0xFF, 0x00, 0x00, 0x00, 0x3F, 0xE0, 0x00, 0x00, 0x07, 0xFC, 0x00,
  0x00, 0x00, 0xFF, 0x80, 0x00, 0x00, 0x1F, 0xE0, 0xFF, 0xC0, 0x03, 0xFC,
  0xFF, 0xFE, 0x00, 0x7F, 0xFF, 0xFF, 0xF0, 0x0F, 0xFF, 0xFF, 0xFF, 0x01,
  0xFF, 0xFF, 0xFF, 0xF0, 0x3F, 0xFF, 0xFF, 0xFF, 0x07, 0xFF, 0xFF, 0xFF,
  0xF1, 0xFF, 0xFF, 0xFF, 0xFE, 0x3F, 0xF8, 0x03, 0xFF, 0xE7, 0xFE, 0x00,
  0x1F, 0xFC, 0xFF, 0x80, 0x01, 0xFF, 0x9F, 0xE0, 0x00, 0x3F, 0xF8, 0x00,
  0x00, 0x03, 0xFF, 0x00, 0x00, 0x00, 0x7F, 0xE0, 0x00, 0x00, 0x07, 0xFC,
  0x00, 0x00, 0x00, 0xFF, 0x80, 0x00, 0x00, 0x1F, 0xF0, 0x00, 0x00, 0x03,
  0xFE, 0x00, 0x00, 0x00, 0x7F, 0xC0, 0x00, 0x00, 0x0F, 0xF8, 0x00, 0x00,
  0x01, 0xFF, 0x0F, 0x80, 0x00, 0x3F, 0xFF, 0xF0, 0x00, 0x07, 0xFF, 0xFE,
  0x00, 0x00, 0xFF, 0xFF, 0xC0, 0x00, 0x3F, 0xFF, 0xFC, 0x00, 0x07, 0xFC,
  0xFF, 0x80, 0x01, 0xFF, 0x9F, 0xF8, 0x00, 0x7F, 0xF3, 0xFF, 0xC0, 0x1F,
  0xFC, 0x3F, 0xFF, 0x1F, 0xFF, 0x83, 0xFF, 0xFF, 0xFF, 0xE0, 0x7F, 0xFF,
  0xFF, 0xF8, 0x07, 0xFF, 0xFF, 0xFE, 0x00, 0x3F, 0xFF, 0xFF, 0x80, 0x03,
  0xFF, 0xFF, 0xE0, 0x00, 0x1F, 0xFF, 0xF0, 0x00, 0x00, 0x7F, 0xE0, 0x00,
  0x00, 0x00, 0xFF, 0xE0, 0x00, 0x00, 0x3F, 0xFF, 0xF0, 0x00, 0x07, 0xFF,
  0xFF, 0xE0, 0x00, 0x7F, 0xFF, 0xFE, 0x00, 0x0F, 0xFF, 0xFF, 0xF0, 0x00,
  0xFF, 0xFF, 0xFF, 0x80, 0x0F, 0xFF, 0xFF, 0xFC, 0x00, 0xFF, 0xFE, 0x3F,
  0xC0, 0x07, 0xFF, 0x00, 0x0E, 0x00, 0x7F, 0xF0, 0x00, 0x00, 0x07, 0xFF,
  0x00, 0x00, 0x00, 0x3F, 0xF0, 0x00, 0x00, 0x03, 0xFF, 0x00, 0x00, 0x00,
  0x1F, 0xF0, 0x00, 0x00, 0x00, 0xFF, 0x80, 0x00, 0x00, 0x0F, 0xFC, 0x00,
  0x00, 0x00, 0x7F, 0xC0, 0x00, 0x00, 0x03, 0xFE, 0x00, 0x00, 0x00, 0x1F,
  0xF0, 0x00, 0x00, 0x00, 0xFF, 0x80, 0x00, 0x00, 0x07, 0xFC, 0x00, 0x60,
  0x00, 0x7F, 0xE0, 0xFF, 0xF8, 0x03, 0xFF, 0x1F, 0xFF, 0xF0, 0x1F, 0xF9,
  0xFF, 0xFF, 0xC0, 0xFF, 0xFF, 0xFF, 0xFF, 0x07, 0xFF, 0xFF, 0xFF, 0xFC,
  0x3F, 0xFF, 0xFF, 0xFF, 0xF1, 0xFF, 0xFF, 0xFF, 0xFF, 0xCF, 0xFF, 0xC0,
  0x1F, 0xFE, 0x7F, 0xF8, 0x00, 0x7F, 0xFB, 0xFF, 0x80, 0x00, 0xFF, 0xDF,
  0xF8, 0x00, 0x07, 0xFE, 0xFF, 0xC0, 0x00, 0x1F, 0xFF, 0xFE, 0x00, 0x00,
  0xFF, 0xFF, 0xF0, 0x00, 0x07, 0xFF, 0xFF, 0x80, 0x00, 0x1F, 0xFF, 0xFC,
  0x00, 0x00, 0xFF, 0xBF, 0xE0, 0x00, 0x07, 0xFD, 0xFF, 0x00, 0x00, 0x3F,
  0xEF, 0xF8, 0x00, 0x01, 0xFF, 0x7F, 0xC0, 0x00, 0x0F, 0xFB, 0xFE, 0x00,
  0x00, 0x7F, 0xDF, 0xF8, 0x00, 0x07, 0xFE, 0x7F, 0xC0, 0x00, 0x3F, 0xF3,
  0xFF, 0x00, 0x01, 0xFF, 0x1F, 0xF8, 0x00, 0x1F, 0xF8, 0x7F, 0xE0, 0x00,
  0xFF, 0xC3, 0xFF, 0x80, 0x0F, 0xFC, 0x0F, 0xFE, 0x01, 0xFF, 0xE0, 0x7F,
  0xFE, 0x7F, 0xFE, 0x01, 0xFF, 0xFF, 0xFF, 0xE0, 0x07, 0xFF, 0xFF, 0xFF,
  0x00, 0x1F, 0xFF, 0xFF, 0xF0, 0x00, 0x7F, 0xFF, 0xFE, 0x00, 0x00, 0xFF,
  0xFF, 0xE0, 0x00, 0x01, 0xFF, 0xFC, 0x00, 0x00, 0x01, 0xFF, 0x00, 0x00,
  0xFF, 0xFF, 0xFF, 0xFF, 0xFF, 0xFF, 0xFF, 0xFF, 0xFF, 0xFF, 0xFF, 0xFF,
  0xFF, 0xFF, 0xFF, 0xFF, 0xFF, 0xFF, 0xFF, 0xFF, 0xFF, 0xFF, 0xFF, 0xFF,
  0xFF, 0xFF, 0xFF, 0xFF, 0xFF, 0xFF, 0xFF, 0xFF, 0xFF, 0xC0, 0x00, 0x00,
  0x01, 0xFF, 0x00, 0x00, 0x00, 0x0F, 0xF8, 0x00, 0x00, 0x00, 0x7F, 0xC0,
  0x00, 0x00, 0x03, 0xFE, 0x00, 0x00, 0x00, 0x0F, 0xF8, 0x00, 0x00, 0x00,
  0x7F, 0xC0, 0x00, 0x00, 0x03, 0xFE, 0x00, 0x00, 0x00, 0x1F, 0xF0, 0x00,
  0x00, 0x00, 0x7F, 0xC0, 0x00, 0x00, 0x03, 0xFE, 0x00, 0x00, 0x00, 0x1F,
  0xF0, 0x00, 0x00, 0x00, 0x7F, 0xC0, 0x00, 0x00, 0x03, 0xFE, 0x00, 0x00,
  0x00, 0x0F, 0xF0, 0x00, 0x00, 0x00, 0x7F, 0xC0, 0x00, 0x00, 0x03, 0xFE,
  0x00, 0x00, 0x00, 0x0F, 0xF8, 0x00, 0x00, 0x00, 0x7F, 0xC0, 0x00, 0x00,
  0x01, 0xFF, 0x00, 0x00, 0x00, 0x0F, 0xF8, 0x00, 0x00, 0x00, 0x3F, 0xE0,
  0x00, 0x00, 0x01, 0xFF, 0x00, 0x00, 0x00, 0x07, 0xFC, 0x00, 0x00, 0x00,
  0x1F, 0xF0, 0x00, 0x00, 0x00, 0xFF, 0x80, 0x00, 0x00, 0x03, 0xFE, 0x00,
  0x00, 0x00, 0x0F, 0xF8, 0x00, 0x00, 0x00, 0x7F, 0xE0, 0x00, 0x00, 0x01,
  0xFF, 0x00, 0x00, 0x00, 0x07, 0xFC, 0x00, 0x00, 0x00, 0x1F, 0xF0, 0x00,
  0x00, 0x00, 0x7F, 0xC0, 0x00, 0x00, 0x03, 0xFF, 0x00, 0x00, 0x00, 0x0F,
  0xF8, 0x00, 0x00, 0x00, 0x3F, 0xE0, 0x00, 0x00, 0x00, 0xFF, 0x80, 0x00,
  0x00, 0x03, 0xFE, 0x00, 0x00, 0x00, 0x0F, 0xF8, 0x00, 0x00, 0x00, 0x3F,
  0xE0, 0x00, 0x00, 0x00, 0xFF, 0x80, 0x00, 0x00, 0x03, 0xFE, 0x00, 0x00,
  0x00, 0x0F, 0xF8, 0x00, 0x00, 0x00, 0x3F, 0xE0, 0x00, 0x00, 0x00, 0xFF,
  0x80, 0x00, 0x00, 0x03, 0xFE, 0x00, 0x00, 0x00, 0x0F, 0xF8, 0x00, 0x00,
  0x00, 0x3F, 0xE0, 0x00, 0x00, 0x00, 0xFF, 0x80, 0x00, 0x00, 0x00, 0x03,
  0xFF, 0x00, 0x00, 0x01, 0xFF, 0xFF, 0x00, 0x00, 0x3F, 0xFF, 0xFE, 0x00,
  0x03, 0xFF, 0xFF, 0xF8, 0x00, 0x7F, 0xFF, 0xFF, 0xE0, 0x07, 0xFF, 0xFF,
  0xFF, 0x80, 0x3F, 0xFF, 0xFF, 0xFE, 0x03, 0xFF, 0xF1, 0xFF, 0xF8, 0x3F,
  0xFC, 0x01, 0xFF, 0xC1, 0xFF, 0xC0, 0x07, 0xFE, 0x0F, 0xFC, 0x00, 0x1F,
  0xF8, 0x7F, 0xC0, 0x00, 0xFF, 0xC7, 0xFE, 0x00, 0x03, 0xFE, 0x3F, 0xF0,
  0x00, 0x1F, 0xF1, 0xFF, 0x80, 0x00, 0xFF, 0x8F, 0xFC, 0x00, 0x07, 0xFC,
  0x7F, 0xE0, 0x00, 0x3F, 0xE3, 0xFF, 0x00, 0x01, 0xFF, 0x0F, 0xF8, 0x00,
  0x0F, 0xF8, 0x7F, 0xC0, 0x00, 0xFF, 0xC3, 0xFF, 0x00, 0x07, 0xFC, 0x0F,
  0xFC, 0x00, 0x7F, 0xE0, 0x3F, 0xF0, 0x07, 0xFE, 0x01, 0xFF, 0xF0, 0xFF,
  0xE0, 0x07, 0xFF, 0xFF, 0xFE, 0x00, 0x0F, 0xFF, 0xFF, 0xE0, 0x00, 0x3F,
  0xFF, 0xFE, 0x00, 0x00, 0x7F, 0xFF, 0xC0, 0x00, 0x0F, 0xFF, 0xFF, 0x80,
  0x01, 0xFF, 0xFF, 0xFF, 0x00, 0x1F, 0xFF, 0xFF, 0xFC, 0x03, 0xFF, 0xE0,
  0xFF, 0xF0, 0x1F, 0xF8, 0x01, 0xFF, 0xC1, 0xFF, 0x80, 0x03, 0xFF, 0x1F,
  0xF8, 0x00, 0x0F, 0xF8, 0xFF, 0x80, 0x00, 0x7F, 0xEF, 0xFC, 0x00, 0x01,
  0xFF, 0x7F, 0xC0, 0x00, 0x0F, 0xFF, 0xFE, 0x00, 0x00, 0x3F, 0xFF, 0xF0,
  0x00, 0x01, 0xFF, 0xFF, 0x80, 0x00, 0x0F, 0xFF, 0xFC, 0x00, 0x00, 0x7F,
  0xFF, 0xE0, 0x00, 0x03, 0xFF, 0xFF, 0x00, 0x00, 0x3F, 0xFF, 0xFC, 0x00,
  0x01, 0xFF, 0xFF, 0xE0, 0x00, 0x1F, 0xFB, 0xFF, 0x80, 0x00, 0xFF, 0xCF,
  0xFE, 0x00, 0x0F, 0xFE, 0x7F, 0xFC, 0x01, 0xFF, 0xE1, 0xFF, 0xFC, 0x7F,
  0xFF, 0x07, 0xFF, 0xFF, 0xFF, 0xF0, 0x3F, 0xFF, 0xFF, 0xFF, 0x00, 0x7F,
  0xFF, 0xFF, 0xF0, 0x01, 0xFF, 0xFF, 0xFF, 0x00, 0x07, 0xFF, 0xFF, 0xE0,
  0x00, 0x07, 0xFF, 0xFC, 0x00, 0x00, 0x07, 0xFF, 0x00, 0x00, 0x00, 0x03,
  0xFE, 0x00, 0x00, 0x00, 0xFF, 0xFE, 0x00, 0x00, 0x1F, 0xFF, 0xFC, 0x00,
  0x03, 0xFF, 0xFF, 0xF0, 0x00, 0x3F, 0xFF, 0xFF, 0xE0, 0x03, 0xFF, 0xFF,
  0xFF, 0x80, 0x3F, 0xFF, 0xFF, 0xFC, 0x01, 0xFF, 0xF3, 0xFF, 0xF0, 0x1F,
  0xFC, 0x01, 0xFF, 0xC0, 0xFF, 0xC0, 0x07, 0xFE, 0x0F, 0xFC, 0x00, 0x1F,
  0xF8, 0x7F, 0xE0, 0x00, 0x7F, 0xC7, 0xFE, 0x00, 0x03, 0xFF, 0x3F, 0xF0,
  0x00, 0x0F, 0xF9, 0xFF, 0x00, 0x00, 0x7F, 0xCF, 0xF8, 0x00, 0x03, 0xFE,
  0x7F, 0xC0, 0x00, 0x1F, 0xF7, 0xFE, 0x00, 0x00, 0xFF, 0xBF, 0xF0, 0x00,
  0x07, 0xFF, 0xFF, 0x80, 0x00, 0x3F, 0xFF, 0xFC, 0x00, 0x01, 0xFF, 0xFF,
  0xE0, 0x00, 0x0F, 0xFD, 0xFF, 0x00, 0x00, 0x7F, 0xEF, 0xF8, 0x00, 0x03,
  0xFF, 0x7F, 0xC0, 0x00, 0x1F, 0xFB, 0xFF, 0x00, 0x00, 0xFF, 0xDF, 0xF8,
  0x00, 0x07, 0xFE, 0x7F, 0xE0, 0x00, 0x7F, 0xF3, 0xFF, 0x80, 0x07, 0xFF,
  0x8F, 0xFE, 0x00, 0xFF, 0xFC, 0x7F, 0xFE, 0x7F, 0xFF, 0xE1, 0xFF, 0xFF,
  0xFF, 0xFF, 0x07, 0xFF, 0xFF, 0xFF, 0xF8, 0x3F, 0xFF, 0xFF, 0xFF, 0xC0,
  0x7F, 0xFF, 0xF7, 0xFE, 0x01, 0xFF, 0xFF, 0x3F, 0xF0, 0x03, 0xFF, 0xE1,
  0xFF, 0x80, 0x03, 0xF8, 0x0F, 0xFC, 0x00, 0x00, 0x00, 0x7F, 0xE0, 0x00,
  0x00, 0x03, 0xFE, 0x00, 0x00, 0x00, 0x1F, 0xF0, 0x00, 0x00, 0x00, 0xFF,
  0x80, 0x00, 0x00, 0x07, 0xFC, 0x00, 0x00, 0x00, 0x7F, 0xE0, 0x00, 0x00,
  0x03, 0xFE, 0x00, 0x00, 0x00, 0x3F, 0xF0, 0x00, 0x00, 0x03, 0xFF, 0x80,
  0x00, 0x00, 0x3F, 0xF8, 0x03, 0x80, 0x07, 0xFF, 0x80, 0x1F, 0xF1, 0xFF,
  0xFC, 0x00, 0xFF, 0xFF, 0xFF, 0xC0, 0x07, 0xFF, 0xFF, 0xFC, 0x00, 0x7F,
  0xFF, 0xFF, 0xC0, 0x03, 0xFF, 0xFF, 0xFC, 0x00, 0x1F, 0xFF, 0xFF, 0x80,
  0x00, 0x3F, 0xFF, 0xF0, 0x00, 0x00, 0x1F, 0xFC, 0x00, 0x00, 0xFF, 0xFF,
  0xFF, 0xFF, 0xFF, 0xFF, 0xFF, 0xFF, 0xFF, 0xFF, 0x80, 0x00, 0x00, 0x00,
  0x00, 0x00, 0x00, 0x00, 0x00, 0x00, 0x00, 0x00, 0x00, 0x00, 0x00, 0x00,
  0x00, 0x00, 0x00, 0x00, 0x00, 0x00, 0x00, 0x00, 0x00, 0x00, 0x00, 0x7F,
  0xFF, 0xFF, 0xFF, 0xFF, 0xFF, 0xFF, 0xFF, 0xFF, 0xFF, 0xC0, 0x3F, 0xE3,
  0xFE, 0x3F, 0xE3, 0xFE, 0x3F, 0xE3, 0xFE, 0x3F, 0xE3, 0xFE, 0x3F, 0xE0,
  0x00, 0x00, 0x00, 0x00, 0x00, 0x00, 0x00, 0x00, 0x00, 0x00, 0x00, 0x00,
  0x00, 0x00, 0x00, 0x00, 0x00, 0x00, 0x00, 0x00, 0x00, 0x00, 0x00, 0x00,
  0x00, 0x00, 0x00, 0x00, 0x00, 0x00, 0x00, 0x00, 0x00, 0x00, 0x00, 0x01,
  0xFF, 0x1F, 0xF1, 0xFF, 0x1F, 0xF1, 0xFF, 0x1F, 0xF1, 0xFF, 0x1F, 0xF3,
  0xFF, 0x3F, 0xE3, 0xFE, 0x3F, 0xC3, 0xFC, 0x7F, 0x87, 0xF8, 0x7F, 0x07,
  0xF0, 0x7E, 0x0F, 0xE0, 0xFC, 0x00, 0x00, 0x00, 0x00, 0x01, 0x00, 0x00,
  0x00, 0x07, 0x00, 0x00, 0x00, 0x1F, 0x00, 0x00, 0x00, 0xFF, 0x00, 0x00,
  0x03, 0xFF, 0x00, 0x00, 0x0F, 0xFF, 0x00, 0x00, 0x3F, 0xFF, 0x00, 0x01,
  0xFF, 0xFF, 0x00, 0x07, 0xFF, 0xFF, 0x00, 0x1F, 0xFF, 0xFF, 0x00, 0x7F,
  0xFF, 0xF8, 0x03, 0xFF, 0xFF, 0xC0, 0x0F, 0xFF, 0xFF, 0x00, 0x3F, 0xFF,
  0xF8, 0x00, 0xFF, 0xFF, 0xE0, 0x00, 0xFF, 0xFF, 0x00, 0x00, 0xFF, 0xF8,
  0x00, 0x00, 0xFF, 0xE0, 0x00, 0x00, 0xFF, 0xE0, 0x00, 0x00, 0xFF, 0xFC,
  0x00, 0x00, 0xFF, 0xFF, 0x00, 0x00, 0xFF, 0xFF, 0xE0, 0x00, 0x3F, 0xFF,
  0xFC, 0x00, 0x07, 0xFF, 0xFF, 0x00, 0x01, 0xFF, 0xFF, 0xE0, 0x00, 0x7F,
  0xFF, 0xFC, 0x00, 0x1F, 0xFF, 0xFF, 0x00, 0x03, 0xFF, 0xFF, 0x00, 0x00,
  0xFF, 0xFF, 0x00, 0x00, 0x3F, 0xFF, 0x00, 0x00, 0x0F, 0xFF, 0x00, 0x00,
  0x01, 0xFF, 0x00, 0x00, 0x00, 0x7F, 0x00, 0x00, 0x00, 0x1F, 0x00, 0x00,
  0x00, 0x07, 0x00, 0x00, 0x00, 0x01, 0xFF, 0xFF, 0xFF, 0xFF, 0xFF, 0xFF,
  0xFF, 0xFF, 0xFF, 0xFF, 0xFF, 0xFF, 0xFF, 0xFF, 0xFF, 0xFF, 0xFF, 0xFF,
  0xFF, 0xFF, 0xFF, 0xFF, 0xFF, 0xFF, 0xFF, 0xFF, 0xFF, 0xFF, 0xFF, 0xFF,
  0xFF, 0xFF, 0x00, 0x00, 0x00, 0x00, 0x00, 0x00, 0x00, 0x00, 0x00, 0x00,
  0x00, 0x00, 0x00, 0x00, 0x00, 0x00, 0x00, 0x00, 0x00, 0x00, 0x00, 0x00,
  0x00, 0x00, 0x00, 0x00, 0x00, 0x00, 0x00, 0x00, 0x00, 0x00, 0x00, 0x00,
  0x00, 0x00, 0xFF, 0xFF, 0xFF, 0xFF, 0xFF, 0xFF, 0xFF, 0xFF, 0xFF, 0xFF,
  0xFF, 0xFF, 0xFF, 0xFF, 0xFF, 0xFF, 0xFF, 0xFF, 0xFF, 0xFF, 0xFF, 0xFF,
  0xFF, 0xFF, 0xFF, 0xFF, 0xFF, 0xFF, 0xC0, 0x00, 0x00, 0x00, 0x78, 0x00,
  0x00, 0x00, 0x3F, 0x80, 0x00, 0x00, 0x1F, 0xF0, 0x00, 0x00, 0x0F, 0xFE,
  0x00, 0x00, 0x07, 0xFF, 0xE0, 0x00, 0x03, 0xFF, 0xFC, 0x00, 0x01, 0xFF,
  0xFF, 0x80, 0x00, 0xFF, 0xFF, 0xF8, 0x00, 0x1F, 0xFF, 0xFF, 0x00, 0x01,
  0xFF, 0xFF, 0xE0, 0x00, 0x1F, 0xFF, 0xFE, 0x00, 0x03, 0xFF, 0xFF, 0xC0,
  0x00, 0x3F, 0xFF, 0xF8, 0x00, 0x03, 0xFF, 0xFE, 0x00, 0x00, 0x3F, 0xFF,
  0x00, 0x00, 0x07, 0xFF, 0x80, 0x00, 0x00, 0xFF, 0xC0, 0x00, 0x03, 0xFF,
  0xE0, 0x00, 0x07, 0xFF, 0xF0, 0x00, 0x1F, 0xFF, 0xF8, 0x00, 0x7F, 0xFF,
  0xF8, 0x00, 0xFF, 0xFF, 0xF0, 0x03, 0xFF, 0xFF, 0xC0, 0x0F, 0xFF, 0xFF,
  0x80, 0x1F, 0xFF, 0xFF, 0x00, 0x3F, 0xFF, 0xFC, 0x00, 0x1F, 0xFF, 0xF8,
  0x00, 0x0F, 0xFF, 0xF0, 0x00, 0x07, 0xFF, 0xC0, 0x00, 0x03, 0xFF, 0x80,
  0x00, 0x01, 0xFF, 0x00, 0x00, 0x00, 0xFC, 0x00, 0x00, 0x00, 0x78, 0x00,
  0x00, 0x00, 0x30, 0x00, 0x00, 0x00, 0x00, 0x00, 0x1F, 0xFC, 0x00, 0x00,
  0x7F, 0xFF, 0xC0, 0x00, 0xFF, 0xFF, 0xF8, 0x00, 0xFF, 0xFF, 0xFE, 0x01,
  0xFF, 0xFF, 0xFF, 0x81, 0xFF, 0xFF, 0xFF, 0xE0, 0xFF, 0xFF, 0xFF, 0xF8,
  0xFF, 0xFE, 0x7F, 0xFE, 0x7F, 0xF0, 0x07, 0xFF, 0x7F, 0xF0, 0x01, 0xFF,
  0xBF, 0xF0, 0x00, 0x7F, 0xFF, 0xF0, 0x00, 0x3F, 0xFF, 0xF8, 0x00, 0x0F,
  0xFF, 0xFC, 0x00, 0x07, 0xFC, 0x00, 0x00, 0x03, 0xFE, 0x00, 0x00, 0x01,
  0xFF, 0x00, 0x00, 0x00, 0xFF, 0x80, 0x00, 0x00, 0x7F, 0xC0, 0x00, 0x00,
  0x3F, 0xE0, 0x00, 0x00, 0x3F, 0xF0, 0x00, 0x00, 0x1F, 0xF0, 0x00, 0x00,
  0x1F, 0xF8, 0x00, 0x00, 0x1F, 0xFC, 0x00, 0x00, 0x1F, 0xFC, 0x00, 0x00,
  0x0F, 0xFC, 0x00, 0x00, 0x0F, 0xFE, 0x00, 0x00, 0x0F, 0xFE, 0x00, 0x00,
  0x1F, 0xFE, 0x00, 0x00, 0x1F, 0xFE, 0x00, 0x00, 0x1F, 0xFE, 0x00, 0x00,
  0x0F, 0xFE, 0x00, 0x00, 0x0F, 0xFE, 0x00, 0x00, 0x0F, 0xFE, 0x00, 0x00,
  0x07, 0xFE, 0x00, 0x00, 0x07, 0xFE, 0x00, 0x00, 0x03, 0xFF, 0x00, 0x00,
  0x01, 0xFF, 0x00, 0x00, 0x00, 0xFF, 0x80, 0x00, 0x00, 0x7F, 0xC0, 0x00,
  0x00, 0x3F, 0xE0, 0x00, 0x00, 0x00, 0x00, 0x00, 0x00, 0x00, 0x00, 0x00,
  0x00, 0x00, 0x00, 0x00, 0x00, 0x00, 0x00, 0x00, 0x00, 0x00, 0x00, 0x00,
  0x00, 0x00, 0x00, 0x00, 0x00, 0x00, 0x00, 0x00, 0x00, 0x00, 0x3F, 0xE0,
  0x00, 0x00, 0x1F, 0xF0, 0x00, 0x00, 0x0F, 0xF8, 0x00, 0x00, 0x07, 0xFC,
  0x00, 0x00, 0x03, 0xFE, 0x00, 0x00, 0x01, 0xFF, 0x00, 0x00, 0x00, 0xFF,
  0x80, 0x00, 0x00, 0x7F, 0xC0, 0x00, 0x00, 0x3F, 0xE0, 0x00, 0x00, 0x00,
  0x00, 0x0F, 0xFF, 0x00, 0x00, 0x00, 0x00, 0x00, 0x01, 0xFF, 0xFF, 0xF0,
  0x00, 0x00, 0x00, 0x00, 0x0F, 0xFF, 0xFF, 0xFE, 0x00, 0x00, 0x00, 0x00,
  0x3F, 0xFF, 0xFF, 0xFF, 0x80, 0x00, 0x00, 0x00, 0x7F, 0xFF, 0xFF, 0xFF,
  0xC0, 0x00, 0x00, 0x01, 0xFF, 0xF0, 0x01, 0xFF, 0xF0, 0x00, 0x00, 0x03,
  0xFF, 0x00, 0x00, 0x1F, 0xF8, 0x00, 0x00, 0x07, 0xFC, 0x00, 0x00, 0x07,
  0xFC, 0x00, 0x00, 0x1F, 0xF0, 0x00, 0x00, 0x01, 0xFE, 0x00, 0x00, 0x1F,
  0xE0, 0x00, 0x00, 0x00, 0xFF, 0x00, 0x00, 0x3F, 0xC0, 0x00, 0x00, 0x00,
  0x7F, 0x80, 0x00, 0x7F, 0x00, 0x00, 0x00, 0x00, 0x3F, 0x80, 0x00, 0xFE,
  0x00, 0x00, 0x00, 0x00, 0x1F, 0xC0, 0x01, 0xFE, 0x00, 0x00, 0x00, 0x00,
  0x0F, 0xC0, 0x01, 0xFC, 0x00, 0x00, 0x00, 0x00, 0x07, 0xE0, 0x03, 0xF8,
  0x00, 0x00, 0x00, 0x00, 0x07, 0xE0, 0x07, 0xF0, 0x00, 0x00, 0x00, 0x00,
  0x03, 0xF0, 0x07, 0xF0, 0x00, 0x00, 0x00, 0x00, 0x03, 0xF0, 0x0F, 0xE0,
  0x00, 0x07, 0xFC, 0x00, 0x01, 0xF8, 0x0F, 0xE0, 0x00, 0x1F, 0xFF, 0x80,
  0x01, 0xF8, 0x0F, 0xC0, 0x00, 0x7F, 0xFF, 0xE0, 0x01, 0xF8, 0x1F, 0xC0,
  0x00, 0xFF, 0xFF, 0xF0, 0x00, 0xFC, 0x1F, 0xC0, 0x01, 0xFF, 0xFF, 0xF8,
  0x00, 0xFC, 0x1F, 0x80, 0x03, 0xFF, 0xFF, 0xF8, 0x00, 0xFC, 0x3F, 0x80,
  0x03, 0xFF, 0xFF, 0xF8, 0x00, 0xFC, 0x3F, 0x80, 0x07, 0xFE, 0x03, 0xF8,
  0x00, 0x7C, 0x3F, 0x00, 0x0F, 0xFC, 0x03, 0xF8, 0x00, 0x7E, 0x3F, 0x00,
  0x0F, 0xF8, 0x03, 0xF8, 0x00, 0x7E, 0x7F, 0x00, 0x1F, 0xF0, 0x03, 0xF8,
  0x00, 0x7E, 0x7F, 0x00, 0x1F, 0xE0, 0x03, 0xF8, 0x00, 0x7E, 0x7F, 0x00,
  0x1F, 0xE0, 0x03, 0xF8, 0x00, 0x7E, 0x7E, 0x00, 0x3F, 0xC0, 0x03, 0xF8,
  0x00, 0x7E, 0x7E, 0x00, 0x3F, 0xC0, 0x03, 0xF0, 0x00, 0x7E, 0x7E, 0x00,
  0x3F, 0xC0, 0x03, 0xF0, 0x00, 0x7E, 0x7E, 0x00, 0x3F, 0x80, 0x03, 0xF0,
  0x00, 0x7E, 0xFE, 0x00, 0x7F, 0x80, 0x07, 0xF0, 0x00, 0x7E, 0xFE, 0x00,
  0x7F, 0x80, 0x07, 0xF0, 0x00, 0x7E, 0xFE, 0x00, 0x7F, 0x80, 0x07, 0xF0,
  0x00, 0x7E, 0xFE, 0x00, 0x7F, 0x80, 0x07, 0xF0, 0x00, 0x7E, 0xFE, 0x00,
  0x7F, 0x80, 0x07, 0xF0, 0x00, 0x7E, 0xFE, 0x00, 0x7F, 0x00, 0x07, 0xF0,
  0x00, 0xFC, 0xFE, 0x00, 0x7F, 0x00, 0x07, 0xF0, 0x00, 0xFC, 0x7E, 0x00,
  0x7F, 0x00, 0x07, 0xF0, 0x00, 0xFC, 0x7E, 0x00, 0x7F, 0x00, 0x07, 0xF0,
  0x00, 0xFC, 0x7E, 0x00, 0x7F, 0x00, 0x07, 0xE0, 0x01, 0xF8, 0x7F, 0x00,
  0x7F, 0x00, 0x07, 0xE0, 0x01, 0xF8, 0x7F, 0x00, 0x7F, 0x80, 0x07, 0xE0,
  0x03, 0xF0, 0x7F, 0x00, 0x7F, 0x80, 0x0F, 0xE0, 0x07, 0xF0, 0x7F, 0x00,
  0x7F, 0x80, 0x1F, 0xF0, 0x07, 0xE0, 0x3F, 0x00, 0x3F, 0xC0, 0x3F, 0xF0,
  0x1F, 0xE0, 0x3F, 0x80, 0x3F, 0xE0, 0xFF, 0xF8, 0x3F, 0xC0, 0x3F, 0x80,
  0x1F, 0xFF, 0xF3, 0xFF, 0xFF, 0x80, 0x3F, 0x80, 0x1F, 0xFF, 0xE3, 0xFF,
  0xFF, 0x00, 0x1F, 0xC0, 0x0F, 0xFF, 0xC1, 0xFF, 0xFC, 0x00, 0x1F, 0xC0,
  0x03, 0xFF, 0x80, 0xFF, 0xF8, 0x00, 0x0F, 0xE0, 0x01, 0xFC, 0x00, 0x3F,
  0xC0, 0x00, 0x0F, 0xF0, 0x00, 0x00, 0x00, 0x00, 0x00, 0x00, 0x0F, 0xF0,
  0x00, 0x00, 0x00, 0x00, 0x00, 0x00, 0x07, 0xF8, 0x00, 0x00, 0x00, 0x00,
  0x00, 0x00, 0x03, 0xFC, 0x00, 0x00, 0x00, 0x00, 0x00, 0x00, 0x03, 0xFE,
  0x00, 0x00, 0x00, 0x00, 0x00, 0x00, 0x01, 0xFF, 0x00, 0x00, 0x00, 0x00,
  0x00, 0x00, 0x00, 0xFF, 0xC0, 0x00, 0x00, 0x00, 0x00, 0x00, 0x00, 0x7F,
  0xE0, 0x00, 0x00, 0x20, 0x00, 0x00, 0x00, 0x3F, 0xFC, 0x00, 0x00, 0xF0,
  0x00, 0x00, 0x00, 0x1F, 0xFF, 0x80, 0x0F, 0xF0, 0x00, 0x00, 0x00, 0x0F,
  0xFF, 0xFF, 0xFF, 0xF0, 0x00, 0x00, 0x00, 0x03, 0xFF, 0xFF, 0xFF, 0xF8,
  0x00, 0x00, 0x00, 0x01, 0xFF, 0xFF, 0xFF, 0xF8, 0x00, 0x00, 0x00, 0x00,
  0x7F, 0xFF, 0xFF, 0xE0, 0x00, 0x00, 0x00, 0x00, 0x0F, 0xFF, 0xFF, 0x00,
  0x00, 0x00, 0x00, 0x00, 0x00, 0xFF, 0xF0, 0x00, 0x00, 0x00, 0x00, 0x00,
  0x1F, 0xF8, 0x00, 0x00, 0x00, 0x00, 0x3F, 0xF0, 0x00, 0x00, 0x00, 0x00,
  0x7F, 0xE0, 0x00, 0x00, 0x00, 0x01, 0xFF, 0xE0, 0x00, 0x00, 0x00, 0x03,
  0xFF, 0xC0, 0x00, 0x00, 0x00, 0x07, 0xFF, 0x80, 0x00, 0x00, 0x00, 0x1F,
  0xFF, 0x80, 0x00, 0x00, 0x00, 0x3F, 0xFF, 0x00, 0x00, 0x00, 0x00, 0x7F,
  0xFE, 0x00, 0x00, 0x00, 0x01, 0xFF, 0xFE, 0x00, 0x00, 0x00, 0x03, 0xFF,
  0xFC, 0x00, 0x00, 0x00, 0x0F, 0xFF, 0xF8, 0x00, 0x00, 0x00, 0x1F, 0xFF,
  0xF8, 0x00, 0x00, 0x00, 0x3F, 0xDF, 0xF0, 0x00, 0x00, 0x00, 0xFF, 0x9F,
  0xE0, 0x00, 0x00, 0x01, 0xFF, 0x3F, 0xE0, 0x00, 0x00, 0x03, 0xFE, 0x7F,
  0xC0, 0x00, 0x00, 0x0F, 0xF8, 0x7F, 0x80, 0x00, 0x00, 0x1F, 0xF0, 0xFF,
  0x80, 0x00, 0x00, 0x3F, 0xE1, 0xFF, 0x00, 0x00, 0x00, 0xFF, 0x81, 0xFE,
  0x00, 0x00, 0x01, 0xFF, 0x03, 0xFE, 0x00, 0x00, 0x03, 0xFE, 0x07, 0xFC,
  0x00, 0x00, 0x0F, 0xF8, 0x07, 0xFC, 0x00, 0x00, 0x1F, 0xF0, 0x0F, 0xF8,
  0x00, 0x00, 0x3F, 0xE0, 0x1F, 0xF0, 0x00, 0x00, 0xFF, 0x80, 0x1F, 0xF0,
  0x00, 0x01, 0xFF, 0x00, 0x3F, 0xE0, 0x00, 0x03, 0xFE, 0x00, 0x7F, 0xC0,
  0x00, 0x0F, 0xF8, 0x00, 0x7F, 0xC0, 0x00, 0x1F, 0xF0, 0x00, 0xFF, 0x80,
  0x00, 0x7F, 0xE0, 0x01, 0xFF, 0x00, 0x00, 0xFF, 0x80, 0x01, 0xFF, 0x00,
  0x01, 0xFF, 0x00, 0x03, 0xFE, 0x00, 0x07, 0xFF, 0xFF, 0xFF, 0xFC, 0x00,
  0x0F, 0xFF, 0xFF, 0xFF, 0xFC, 0x00, 0x1F, 0xFF, 0xFF, 0xFF, 0xF8, 0x00,
  0x7F, 0xFF, 0xFF, 0xFF, 0xF0, 0x00, 0xFF, 0xFF, 0xFF, 0xFF, 0xF0, 0x01,
  0xFF, 0xFF, 0xFF, 0xFF, 0xE0, 0x07, 0xFF, 0xFF, 0xFF, 0xFF, 0xC0, 0x0F,
  0xFF, 0xFF, 0xFF, 0xFF, 0xC0, 0x1F, 0xF0, 0x00, 0x00, 0xFF, 0x80, 0x7F,
  0xE0, 0x00, 0x01, 0xFF, 0x00, 0xFF, 0x80, 0x00, 0x03, 0xFF, 0x01, 0xFF,
  0x00, 0x00, 0x03, 0xFE, 0x07, 0xFE, 0x00, 0x00, 0x07, 0xFE, 0x0F, 0xF8,
  0x00, 0x00, 0x0F, 0xFC, 0x3F, 0xF0, 0x00, 0x00, 0x0F, 0xF8, 0x7F, 0xE0,
  0x00, 0x00, 0x1F, 0xF8, 0xFF, 0x80, 0x00, 0x00, 0x3F, 0xF3, 0xFF, 0x00,
  0x00, 0x00, 0x3F, 0xE7, 0xFE, 0x00, 0x00, 0x00, 0x7F, 0xEF, 0xF8, 0x00,
  0x00, 0x00, 0xFF, 0xFF, 0xF0, 0x00, 0x00, 0x00, 0xFF, 0x80, 0xFF, 0xFF,
  0xFF, 0x00, 0x00, 0x7F, 0xFF, 0xFF, 0xF8, 0x00, 0x3F, 0xFF, 0xFF, 0xFF,
  0x00, 0x1F, 0xFF, 0xFF, 0xFF, 0xE0, 0x0F, 0xFF, 0xFF, 0xFF, 0xF8, 0x07,
  0xFF, 0xFF, 0xFF, 0xFE, 0x03, 0xFF, 0xFF, 0xFF, 0xFF, 0x81, 0xFF, 0x00,
  0x1F, 0xFF, 0xE0, 0xFF, 0x80, 0x00, 0xFF, 0xF0, 0x7F, 0xC0, 0x00, 0x1F,
  0xFC, 0x3F, 0xE0, 0x00, 0x07, 0xFE, 0x1F, 0xF0, 0x00, 0x03, 0xFF, 0x0F,
  0xF8, 0x00, 0x00, 0xFF, 0x87, 0xFC, 0x00, 0x00, 0x7F, 0xC3, 0xFE, 0x00,
  0x00, 0x3F, 0xF1, 0xFF, 0x00, 0x00, 0x1F, 0xF8, 0xFF, 0x80, 0x00, 0x0F,
  0xF8, 0x7F, 0xC0, 0x00, 0x07, 0xFC, 0x3F, 0xE0, 0x00, 0x03, 0xFE, 0x1F,
  0xF0, 0x00, 0x03, 0xFF, 0x0F, 0xF8, 0x00, 0x01, 0xFF, 0x07, 0xFC, 0x00,
  0x03, 0xFF, 0x03, 0xFE, 0x00, 0x03, 0xFF, 0x81, 0xFF, 0xFF, 0xFF, 0xFF,
  0x80, 0xFF, 0xFF, 0xFF, 0xFF, 0x00, 0x7F, 0xFF, 0xFF, 0xFF, 0x00, 0x3F,
  0xFF, 0xFF, 0xFF, 0xC0, 0x1F, 0xFF, 0xFF, 0xFF, 0xF8, 0x0F, 0xFF, 0xFF,
  0xFF, 0xFF, 0x07, 0xFF, 0xFF, 0xFF, 0xFF, 0xC3, 0xFE, 0x00, 0x00, 0xFF,
  0xF1, 0xFF, 0x00, 0x00, 0x1F, 0xFC, 0xFF, 0x80, 0x00, 0x07, 0xFE, 0x7F,
  0xC0, 0x00, 0x01, 0xFF, 0xBF, 0xE0, 0x00, 0x00, 0x7F, 0xDF, 0xF0, 0x00,
  0x00, 0x3F, 0xEF, 0xF8, 0x00, 0x00, 0x1F, 0xFF, 0xFC, 0x00, 0x00, 0x0F,
  0xFF, 0xFE, 0x00, 0x00, 0x03, 0xFF, 0xFF, 0x00, 0x00, 0x01, 0xFF, 0xFF,
  0x80, 0x00, 0x01, 0xFF, 0xFF, 0xC0, 0x00, 0x00, 0xFF, 0xFF, 0xE0, 0x00,
  0x00, 0x7F, 0xFF, 0xF0, 0x00, 0x00, 0x3F, 0xEF, 0xF8, 0x00, 0x00, 0x3F,
  0xF7, 0xFC, 0x00, 0x00, 0x3F, 0xFB, 0xFE, 0x00, 0x00, 0x7F, 0xF9, 0xFF,
  0x00, 0x01, 0xFF, 0xFC, 0xFF, 0xFF, 0xFF, 0xFF, 0xFC, 0x7F, 0xFF, 0xFF,
  0xFF, 0xFC, 0x3F, 0xFF, 0xFF, 0xFF, 0xFC, 0x1F, 0xFF, 0xFF, 0xFF, 0xFC,
  0x0F, 0xFF, 0xFF, 0xFF, 0xF8, 0x07, 0xFF, 0xFF, 0xFF, 0xF0, 0x03, 0xFF,
  0xFF, 0xFF, 0x80, 0x00, 0x00, 0x00, 0x7F, 0xE0, 0x00, 0x00, 0x00, 0xFF,
  0xFF, 0xC0, 0x00, 0x00, 0x7F, 0xFF, 0xFE, 0x00, 0x00, 0x1F, 0xFF, 0xFF,
  0xF0, 0x00, 0x0F, 0xFF, 0xFF, 0xFF, 0x00, 0x03, 0xFF, 0xFF, 0xFF, 0xF8,
  0x00, 0xFF, 0xFF, 0xFF, 0xFF, 0x80, 0x3F, 0xFF, 0xCF, 0xFF, 0xF0, 0x07,
  0xFF, 0x80, 0x0F, 0xFF, 0x01, 0xFF, 0xC0, 0x00, 0xFF, 0xF0, 0x7F, 0xF0,
  0x00, 0x07, 0xFE, 0x0F, 0xFC, 0x00, 0x00, 0xFF, 0xC3, 0xFF, 0x00, 0x00,
  0x0F, 0xFC, 0x7F, 0xE0, 0x00, 0x01, 0xFF, 0x9F, 0xF8, 0x00, 0x00, 0x1F,
  0xF3, 0xFF, 0x00, 0x00, 0x03, 0xFE, 0x7F, 0xC0, 0x00, 0x00, 0x7F, 0xCF,
  0xF8, 0x00, 0x00, 0x0F, 0xFB, 0xFF, 0x00, 0x00, 0x01, 0xFF, 0x7F, 0xE0,
  0x00, 0x00, 0x00, 0x0F, 0xFC, 0x00, 0x00, 0x00, 0x01, 0xFF, 0x00, 0x00,
  0x00, 0x00, 0x3F, 0xE0, 0x00, 0x00, 0x00, 0x07, 0xFC, 0x00, 0x00, 0x00,
  0x00, 0xFF, 0x80, 0x00, 0x00, 0x00, 0x1F, 0xF0, 0x00, 0x00, 0x00, 0x03,
  0xFE, 0x00, 0x00, 0x00, 0x00, 0x7F, 0xC0, 0x00, 0x00, 0x00, 0x0F, 0xF8,
  0x00, 0x00, 0x00, 0x01, 0xFF, 0x00, 0x00, 0x00, 0x00, 0x3F, 0xE0, 0x00,
  0x00, 0x00, 0x07, 0xFC, 0x00, 0x00, 0x00, 0x00, 0xFF, 0x80, 0x00, 0x00,
  0x00, 0x1F, 0xF0, 0x00, 0x00, 0x00, 0x03, 0xFE, 0x00, 0x00, 0x00, 0x00,
  0x7F, 0xC0, 0x00, 0x00, 0x00, 0x0F, 0xFC, 0x00, 0x00, 0x00, 0x01, 0xFF,
  0x80, 0x00, 0x00, 0x00, 0x1F, 0xF0, 0x00, 0x00, 0x1F, 0xF3, 0xFE, 0x00,
  0x00, 0x03, 0xFE, 0x7F, 0xC0, 0x00, 0x00, 0x7F, 0xCF, 0xFC, 0x00, 0x00,
  0x0F, 0xF9, 0xFF, 0x80, 0x00, 0x01, 0xFF, 0x1F, 0xF8, 0x00, 0x00, 0x7F,
  0xE3, 0xFF, 0x00, 0x00, 0x0F, 0xFC, 0x3F, 0xF0, 0x00, 0x03, 0xFF, 0x07,
  0xFF, 0x00, 0x00, 0x7F, 0xE0, 0x7F, 0xF0, 0x00, 0x3F, 0xF8, 0x07, 0xFF,
  0x80, 0x0F, 0xFF, 0x00, 0xFF, 0xFF, 0x1F, 0xFF, 0xC0, 0x0F, 0xFF, 0xFF,
  0xFF, 0xF0, 0x00, 0xFF, 0xFF, 0xFF, 0xFC, 0x00, 0x0F, 0xFF, 0xFF, 0xFF,
  0x00, 0x00, 0x7F, 0xFF, 0xFF, 0xC0, 0x00, 0x07, 0xFF, 0xFF, 0xE0, 0x00,
  0x00, 0x3F, 0xFF, 0xF0, 0x00, 0x00, 0x00, 0x7F, 0xF0, 0x00, 0x00, 0xFF,
  0xFF, 0xFF, 0x00, 0x00, 0x3F, 0xFF, 0xFF, 0xF8, 0x00, 0x0F, 0xFF, 0xFF,
  0xFF, 0xC0, 0x03, 0xFF, 0xFF, 0xFF, 0xF8, 0x00, 0xFF, 0xFF, 0xFF, 0xFF,
  0x80, 0x3F, 0xFF, 0xFF, 0xFF, 0xF0, 0x0F, 0xFF, 0xFF, 0xFF, 0xFE, 0x03,
  0xFE, 0x00, 0x7F, 0xFF, 0xC0, 0xFF, 0x80, 0x00, 0xFF, 0xF8, 0x3F, 0xE0,
  0x00, 0x0F, 0xFF, 0x0F, 0xF8, 0x00, 0x01, 0xFF, 0xC3, 0xFE, 0x00, 0x00,
  0x3F, 0xF8, 0xFF, 0x80, 0x00, 0x07, 0xFF, 0x3F, 0xE0, 0x00, 0x00, 0xFF,
  0xCF, 0xF8, 0x00, 0x00, 0x1F, 0xF3, 0xFE, 0x00, 0x00, 0x07, 0xFE, 0xFF,
  0x80, 0x00, 0x01, 0xFF, 0xBF, 0xE0, 0x00, 0x00, 0x3F, 0xEF, 0xF8, 0x00,
  0x00, 0x0F, 0xFB, 0xFE, 0x00, 0x00, 0x03, 0xFF, 0xFF, 0x80, 0x00, 0x00,
  0xFF, 0xFF, 0xE0, 0x00, 0x00, 0x1F, 0xFF, 0xF8, 0x00, 0x00, 0x07, 0xFF,
  0xFE, 0x00, 0x00, 0x01, 0xFF, 0xFF, 0x80, 0x00, 0x00, 0x7F, 0xFF, 0xE0,
  0x00, 0x00, 0x1F, 0xFF, 0xF8, 0x00, 0x00, 0x07, 0xFF, 0xFE, 0x00, 0x00,
  0x01, 0xFF, 0xFF, 0x80, 0x00, 0x00, 0x7F, 0xFF, 0xE0, 0x00, 0x00, 0x1F,
  0xFF, 0xF8, 0x00, 0x00, 0x07, 0xFF, 0xFE, 0x00, 0x00, 0x01, 0xFF, 0xFF,
  0x80, 0x00, 0x00, 0x7F, 0xFF, 0xE0, 0x00, 0x00, 0x1F, 0xFF, 0xF8, 0x00,
  0x00, 0x0F, 0xFF, 0xFE, 0x00, 0x00, 0x03, 0xFF, 0xFF, 0x80, 0x00, 0x00,
  0xFF, 0xFF, 0xE0, 0x00, 0x00, 0x3F, 0xEF, 0xF8, 0x00, 0x00, 0x1F, 0xFB,
  0xFE, 0x00, 0x00, 0x07, 0xFE, 0xFF, 0x80, 0x00, 0x01, 0xFF, 0x3F, 0xE0,
  0x00, 0x00, 0xFF, 0xCF, 0xF8, 0x00, 0x00, 0x7F, 0xF3, 0xFE, 0x00, 0x00,
  0x3F, 0xF8, 0xFF, 0x80, 0x00, 0x1F, 0xFC, 0x3F, 0xE0, 0x00, 0x0F, 0xFF,
  0x0F, 0xF8, 0x00, 0x0F, 0xFF, 0x83, 0xFE, 0x00, 0x7F, 0xFF, 0xC0, 0xFF,
  0xFF, 0xFF, 0xFF, 0xE0, 0x3F, 0xFF, 0xFF, 0xFF, 0xF0, 0x0F, 0xFF, 0xFF,
  0xFF, 0xF8, 0x03, 0xFF, 0xFF, 0xFF, 0xF8, 0x00, 0xFF, 0xFF, 0xFF, 0xFC,
  0x00, 0x3F, 0xFF, 0xFF, 0xF8, 0x00, 0x0F, 0xFF, 0xFF, 0xF0, 0x00, 0x00,
  0xFF, 0xFF, 0xFF, 0xFF, 0xDF, 0xFF, 0xFF, 0xFF, 0xFB, 0xFF, 0xFF, 0xFF,
  0xFF, 0x7F, 0xFF, 0xFF, 0xFF, 0xEF, 0xFF, 0xFF, 0xFF, 0xFD, 0xFF, 0xFF,
  0xFF, 0xFF, 0xBF, 0xFF, 0xFF, 0xFF, 0xF7, 0xFC, 0x00, 0x00, 0x00, 0xFF,
  0x80, 0x00, 0x00, 0x1F, 0xF0, 0x00, 0x00, 0x03, 0xFE, 0x00, 0x00, 0x00,
  0x7F, 0xC0, 0x00, 0x00, 0x0F, 0xF8, 0x00, 0x00, 0x01, 0xFF, 0x00, 0x00,
  0x00, 0x3F, 0xE0, 0x00, 0x00, 0x07, 0xFC, 0x00, 0x00, 0x00, 0xFF, 0x80,
  0x00, 0x00, 0x1F, 0xF0, 0x00, 0x00, 0x03, 0xFE, 0x00, 0x00, 0x00, 0x7F,
  0xC0, 0x00, 0x00, 0x0F, 0xF8, 0x00, 0x00, 0x01, 0xFF, 0x00, 0x00, 0x00,
  0x3F, 0xE0, 0x00, 0x00, 0x07, 0xFF, 0xFF, 0xFF, 0xF0, 0xFF, 0xFF, 0xFF,
  0xFE, 0x1F, 0xFF, 0xFF, 0xFF, 0xC3, 0xFF, 0xFF, 0xFF, 0xF8, 0x7F, 0xFF,
  0xFF, 0xFF, 0x0F, 0xFF, 0xFF, 0xFF, 0xE1, 0xFF, 0xFF, 0xFF, 0xFC, 0x3F,
  0xE0, 0x00, 0x00, 0x07, 0xFC, 0x00, 0x00, 0x00, 0xFF, 0x80, 0x00, 0x00,
  0x1F, 0xF0, 0x00, 0x00, 0x03, 0xFE, 0x00, 0x00, 0x00, 0x7F, 0xC0, 0x00,
  0x00, 0x0F, 0xF8, 0x00, 0x00, 0x01, 0xFF, 0x00, 0x00, 0x00, 0x3F, 0xE0,
  0x00, 0x00, 0x07, 0xFC, 0x00, 0x00, 0x00, 0xFF, 0x80, 0x00, 0x00, 0x1F,
  0xF0, 0x00, 0x00, 0x03, 0xFE, 0x00, 0x00, 0x00, 0x7F, 0xC0, 0x00, 0x00,
  0x0F, 0xF8, 0x00, 0x00, 0x01, 0xFF, 0x00, 0x00, 0x00, 0x3F, 0xE0, 0x00,
  0x00, 0x07, 0xFC, 0x00, 0x00, 0x00, 0xFF, 0xFF, 0xFF, 0xFF, 0xFF, 0xFF,
  0xFF, 0xFF, 0xFF, 0xFF, 0xFF, 0xFF, 0xFF, 0xFF, 0xFF, 0xFF, 0xFF, 0xFF,
  0xFF, 0xFF, 0xFF, 0xFF, 0xFF, 0xFF, 0xFF, 0xFF, 0xFF, 0xFF, 0xFF, 0xFF,
  0xF8, 0xFF, 0xFF, 0xFF, 0xFF, 0xFF, 0xFF, 0xFF, 0xFF, 0xFF, 0xFF, 0xFF,
  0xFF, 0xFF, 0xFF, 0xFF, 0xFF, 0xFF, 0xFF, 0xFF, 0xFF, 0xFF, 0xFF, 0xFF,
  0xFF, 0xFF, 0xFF, 0xFF, 0xFF, 0xFF, 0xFF, 0xFF, 0xFC, 0x00, 0x00, 0x00,
  0xFF, 0x80, 0x00, 0x00, 0x1F, 0xF0, 0x00, 0x00, 0x03, 0xFE, 0x00, 0x00,
  0x00, 0x7F, 0xC0, 0x00, 0x00, 0x0F, 0xF8, 0x00, 0x00, 0x01, 0xFF, 0x00,
  0x00, 0x00, 0x3F, 0xE0, 0x00, 0x00, 0x07, 0xFC, 0x00, 0x00, 0x00, 0xFF,
  0x80, 0x00, 0x00, 0x1F, 0xF0, 0x00, 0x00, 0x03, 0xFE, 0x00, 0x00, 0x00,
  0x7F, 0xC0, 0x00, 0x00, 0x0F, 0xF8, 0x00, 0x00, 0x01, 0xFF, 0x00, 0x00,
  0x00, 0x3F, 0xE0, 0x00, 0x00, 0x07, 0xFC, 0x00, 0x00, 0x00, 0xFF, 0xFF,
  0xFF, 0xFE, 0x1F, 0xFF, 0xFF, 0xFF, 0xC3, 0xFF, 0xFF, 0xFF, 0xF8, 0x7F,
  0xFF, 0xFF, 0xFF, 0x0F, 0xFF, 0xFF, 0xFF, 0xE1, 0xFF, 0xFF, 0xFF, 0xFC,
  0x3F, 0xFF, 0xFF, 0xFF, 0x87, 0xFF, 0xFF, 0xFF, 0xF0, 0xFF, 0x80, 0x00,
  0x00, 0x1F, 0xF0, 0x00, 0x00, 0x03, 0xFE, 0x00, 0x00, 0x00, 0x7F, 0xC0,
  0x00, 0x00, 0x0F, 0xF8, 0x00, 0x00, 0x01, 0xFF, 0x00, 0x00, 0x00, 0x3F,
  0xE0, 0x00, 0x00, 0x07, 0xFC, 0x00, 0x00, 0x00, 0xFF, 0x80, 0x00, 0x00,
  0x1F, 0xF0, 0x00, 0x00, 0x03, 0xFE, 0x00, 0x00, 0x00, 0x7F, 0xC0, 0x00,
  0x00, 0x0F, 0xF8, 0x00, 0x00, 0x01, 0xFF, 0x00, 0x00, 0x00, 0x3F, 0xE0,
  0x00, 0x00, 0x07, 0xFC, 0x00, 0x00, 0x00, 0xFF, 0x80, 0x00, 0x00, 0x1F,
  0xF0, 0x00, 0x00, 0x03, 0xFE, 0x00, 0x00, 0x00, 0x7F, 0xC0, 0x00, 0x00,
  0x0F, 0xF8, 0x00, 0x00, 0x01, 0xFF, 0x00, 0x00, 0x00, 0x3F, 0xE0, 0x00,
  0x00, 0x00, 0x00, 0x00, 0x7F, 0xF0, 0x00, 0x00, 0x00, 0x7F, 0xFF, 0xE0,
  0x00, 0x00, 0x7F, 0xFF, 0xFF, 0x00, 0x00, 0x1F, 0xFF, 0xFF, 0xF0, 0x00,
  0x0F, 0xFF, 0xFF, 0xFF, 0x80, 0x03, 0xFF, 0xFF, 0xFF, 0xF8, 0x00, 0xFF,
  0xFF, 0xFF, 0xFF, 0x80, 0x3F, 0xFF, 0xC7, 0xFF, 0xF8, 0x0F, 0xFF, 0x80,
  0x0F, 0xFF, 0x01, 0xFF, 0xC0, 0x00, 0x7F, 0xF0, 0x7F, 0xF0, 0x00, 0x07,
  0xFE, 0x0F, 0xFC, 0x00, 0x00, 0x7F, 0xE3, 0xFF, 0x00, 0x00, 0x0F, 0xFC,
  0x7F, 0xE0, 0x00, 0x00, 0xFF, 0x9F, 0xF8, 0x00, 0x00, 0x1F, 0xF3, 0xFF,
  0x00, 0x00, 0x03, 0xFE, 0x7F, 0xC0, 0x00, 0x00, 0x7F, 0xCF, 0xF8, 0x00,
  0x00, 0x0F, 0xFB, 0xFF, 0x00, 0x00, 0x00, 0x00, 0x7F, 0xE0, 0x00, 0x00,
  0x00, 0x0F, 0xFC, 0x00, 0x00, 0x00, 0x01, 0xFF, 0x00, 0x00, 0x00, 0x00,
  0x3F, 0xE0, 0x00, 0x00, 0x00, 0x07, 0xFC, 0x00, 0x00, 0x00, 0x00, 0xFF,
  0x80, 0x00, 0x00, 0x00, 0x1F, 0xF0, 0x00, 0x00, 0x00, 0x03, 0xFE, 0x00,
  0x00, 0x00, 0x00, 0x7F, 0xC0, 0x00, 0x00, 0x00, 0x0F, 0xF8, 0x00, 0x3F,
  0xFF, 0xFF, 0xFF, 0x00, 0x07, 0xFF, 0xFF, 0xFF, 0xE0, 0x00, 0xFF, 0xFF,
  0xFF, 0xFC, 0x00, 0x1F, 0xFF, 0xFF, 0xFF, 0x80, 0x03, 0xFF, 0xFF, 0xFF,
  0xF0, 0x00, 0x7F, 0xFF, 0xFF, 0xFE, 0x00, 0x0F, 0xFF, 0xFF, 0xFF, 0xC0,
  0x00, 0x00, 0x1F, 0xFF, 0xFC, 0x00, 0x00, 0x03, 0xFF, 0xFF, 0x80, 0x00,
  0x00, 0x7F, 0xFF, 0xF0, 0x00, 0x00, 0x0F, 0xFB, 0xFE, 0x00, 0x00, 0x01,
  0xFF, 0x7F, 0xC0, 0x00, 0x00, 0x3F, 0xEF, 0xFC, 0x00, 0x00, 0x07, 0xFD,
  0xFF, 0x80, 0x00, 0x00, 0xFF, 0x9F, 0xF8, 0x00, 0x00, 0x1F, 0xF3, 0xFF,
  0x00, 0x00, 0x03, 0xFE, 0x3F, 0xF0, 0x00, 0x00, 0x7F, 0xC7, 0xFF, 0x00,
  0x00, 0x1F, 0xF8, 0x7F, 0xF8, 0x00, 0x07, 0xFF, 0x07, 0xFF, 0x80, 0x03,
  0xFF, 0xE0, 0xFF, 0xFF, 0x9F, 0xFF, 0xF8, 0x0F, 0xFF, 0xFF, 0xFF, 0xFE,
  0x00, 0xFF, 0xFF, 0xFF, 0xFF, 0x80, 0x07, 0xFF, 0xFF, 0xFF, 0xE0, 0x00,
  0x7F, 0xFF, 0xFF, 0xF0, 0x00, 0x03, 0xFF, 0xFF, 0xFC, 0x00, 0x00, 0x1F,
  0xFF, 0xFC, 0x00, 0x00, 0x00, 0x3F, 0xF8, 0x00, 0x00, 0xFF, 0x80, 0x00,
  0x00, 0x3F, 0xFF, 0xF0, 0x00, 0x00, 0x07, 0xFF, 0xFE, 0x00, 0x00, 0x00,
  0xFF, 0xFF, 0xC0, 0x00, 0x00, 0x1F, 0xFF, 0xF8, 0x00, 0x00, 0x03, 0xFF,
  0xFF, 0x00, 0x00, 0x00, 0x7F, 0xFF, 0xE0, 0x00, 0x00, 0x0F, 0xFF, 0xFC,
  0x00, 0x00, 0x01, 0xFF, 0xFF, 0x80, 0x00, 0x00, 0x3F, 0xFF, 0xF0, 0x00,
  0x00, 0x07, 0xFF, 0xFE, 0x00, 0x00, 0x00, 0xFF, 0xFF, 0xC0, 0x00, 0x00,
  0x1F, 0xFF, 0xF8, 0x00, 0x00, 0x03, 0xFF, 0xFF, 0x00, 0x00, 0x00, 0x7F,
  0xFF, 0xE0, 0x00, 0x00, 0x0F, 0xFF, 0xFC, 0x00, 0x00, 0x01, 0xFF, 0xFF,
  0x80, 0x00, 0x00, 0x3F, 0xFF, 0xF0, 0x00, 0x00, 0x07, 0xFF, 0xFE, 0x00,
  0x00, 0x00, 0xFF, 0xFF, 0xC0, 0x00, 0x00, 0x1F, 0xFF, 0xF8, 0x00, 0x00,
  0x03, 0xFF, 0xFF, 0x00, 0x00, 0x00, 0x7F, 0xFF, 0xE0, 0x00, 0x00, 0x0F,
  0xFF, 0xFC, 0x00, 0x00, 0x01, 0xFF, 0xFF, 0xFF, 0xFF, 0xFF, 0xFF, 0xFF,
  0xFF, 0xFF, 0xFF, 0xFF, 0xFF, 0xFF, 0xFF, 0xFF, 0xFF, 0xFF, 0xFF, 0xFF,
  0xFF, 0xFF, 0xFF, 0xFF, 0xFF, 0xFF, 0xFF, 0xFF, 0xFF, 0xFF, 0xFF, 0xFF,
  0xFF, 0xFF, 0xFF, 0xFF, 0xFF, 0xFF, 0xFF, 0xFF, 0xFC, 0x00, 0x00, 0x01,
  0xFF, 0xFF, 0x80, 0x00, 0x00, 0x3F, 0xFF, 0xF0, 0x00, 0x00, 0x07, 0xFF,
  0xFE, 0x00, 0x00, 0x00, 0xFF, 0xFF, 0xC0, 0x00, 0x00, 0x1F, 0xFF, 0xF8,
  0x00, 0x00, 0x03, 0xFF, 0xFF, 0x00, 0x00, 0x00, 0x7F, 0xFF, 0xE0, 0x00,
  0x00, 0x0F, 0xFF, 0xFC, 0x00, 0x00, 0x01, 0xFF, 0xFF, 0x80, 0x00, 0x00,
  0x3F, 0xFF, 0xF0, 0x00, 0x00, 0x07, 0xFF, 0xFE, 0x00, 0x00, 0x00, 0xFF,
  0xFF, 0xC0, 0x00, 0x00, 0x1F, 0xFF, 0xF8, 0x00, 0x00, 0x03, 0xFF, 0xFF,
  0x00, 0x00, 0x00, 0x7F, 0xFF, 0xE0, 0x00, 0x00, 0x0F, 0xFF, 0xFC, 0x00,
  0x00, 0x01, 0xFF, 0xFF, 0x80, 0x00, 0x00, 0x3F, 0xFF, 0xF0, 0x00, 0x00,
  0x07, 0xFF, 0xFE, 0x00, 0x00, 0x00, 0xFF, 0xFF, 0xC0, 0x00, 0x00, 0x1F,
  0xFF, 0xF8, 0x00, 0x00, 0x03, 0xFF, 0xFF, 0x00, 0x00, 0x00, 0x7F, 0xFF,
  0xE0, 0x00, 0x00, 0x0F, 0xF8, 0xFF, 0xFF, 0xFF, 0xFF, 0xFF, 0xFF, 0xFF,
  0xFF, 0xFF, 0xFF, 0xFF, 0xFF, 0xFF, 0xFF, 0xFF, 0xFF, 0xFF, 0xFF, 0xFF,
  0xFF, 0xFF, 0xFF, 0xFF, 0xFF, 0xFF, 0xFF, 0xFF, 0xFF, 0xFF, 0xFF, 0xFF,
  0xFF, 0xFF, 0xFF, 0xFF, 0xFF, 0xFF, 0xFF, 0xFF, 0xFF, 0xFF, 0xFF, 0xFF,
  0xFF, 0xFF, 0xFF, 0xFF, 0xFF, 0xFF, 0xFF, 0xFF, 0xFF, 0xFF, 0xFF, 0xFF,
  0xFF, 0xFF, 0xFF, 0xFF, 0xFF, 0xFF, 0xFE, 0x00, 0x00, 0x00, 0x3F, 0xE0,
  0x00, 0x00, 0x07, 0xFC, 0x00, 0x00, 0x00, 0xFF, 0x80, 0x00, 0x00, 0x1F,
  0xF0, 0x00, 0x00, 0x03, 0xFE, 0x00, 0x00, 0x00, 0x7F, 0xC0, 0x00, 0x00,
  0x0F, 0xF8, 0x00, 0x00, 0x01, 0xFF, 0x00, 0x00, 0x00, 0x3F, 0xE0, 0x00,
  0x00, 0x07, 0xFC, 0x00, 0x00, 0x00, 0xFF, 0x80, 0x00, 0x00, 0x1F, 0xF0,
  0x00, 0x00, 0x03, 0xFE, 0x00, 0x00, 0x00, 0x7F, 0xC0, 0x00, 0x00, 0x0F,
  0xF8, 0x00, 0x00, 0x01, 0xFF, 0x00, 0x00, 0x00, 0x3F, 0xE0, 0x00, 0x00,
  0x07, 0xFC, 0x00, 0x00, 0x00, 0xFF, 0x80, 0x00, 0x00, 0x1F, 0xF0, 0x00,
  0x00, 0x03, 0xFE, 0x00, 0x00, 0x00, 0x7F, 0xC0, 0x00, 0x00, 0x0F, 0xF8,
  0x00, 0x00, 0x01, 0xFF, 0x00, 0x00, 0x00, 0x3F, 0xE0, 0x00, 0x00, 0x07,
  0xFC, 0x00, 0x00, 0x00, 0xFF, 0x80, 0x00, 0x00, 0x1F, 0xF0, 0x00, 0x00,
  0x03, 0xFE, 0x00, 0x00, 0x00, 0x7F, 0xC0, 0x00, 0x00, 0x0F, 0xF8, 0x00,
  0x00, 0x01, 0xFF, 0x00, 0x00, 0x00, 0x3F, 0xE0, 0x00, 0x00, 0x07, 0xFC,
  0x00, 0x00, 0x00, 0xFF, 0x80, 0x00, 0x00, 0x1F, 0xF0, 0x00, 0x00, 0x03,
  0xFE, 0x00, 0x00, 0x00, 0x7F, 0xC0, 0x00, 0x00, 0x0F, 0xFF, 0xFC, 0x00,
  0x01, 0xFF, 0xFF, 0x80, 0x00, 0x3F, 0xFF, 0xF0, 0x00, 0x07, 0xFF, 0xFF,
  0x00, 0x00, 0xFF, 0xFF, 0xE0, 0x00, 0x3F, 0xF7, 0xFC, 0x00, 0x07, 0xFC,
  0xFF, 0xC0, 0x01, 0xFF, 0x9F, 0xFC, 0x00, 0x7F, 0xF1, 0xFF, 0xC0, 0x1F,
  0xFC, 0x3F, 0xFF, 0x1F, 0xFF, 0x83, 0xFF, 0xFF, 0xFF, 0xE0, 0x7F, 0xFF,
  0xFF, 0xF8, 0x07, 0xFF, 0xFF, 0xFE, 0x00, 0x3F, 0xFF, 0xFF, 0x80, 0x03,
  0xFF, 0xFF, 0xE0, 0x00, 0x1F, 0xFF, 0xF0, 0x00, 0x00, 0x7F, 0xE0, 0x00,
  0xFF, 0x80, 0x00, 0x03, 0xFF, 0xDF, 0xF0, 0x00, 0x00, 0x7F, 0xF3, 0xFE,
  0x00, 0x00, 0x1F, 0xFC, 0x7F, 0xC0, 0x00, 0x07, 0xFF, 0x0F, 0xF8, 0x00,
  0x01, 0xFF, 0xC1, 0xFF, 0x00, 0x00, 0x7F, 0xF0, 0x3F, 0xE0, 0x00, 0x0F,
  0xFE, 0x07, 0xFC, 0x00, 0x03, 0xFF, 0x80, 0xFF, 0x80, 0x00, 0xFF, 0xE0,
  0x1F, 0xF0, 0x00, 0x3F, 0xF8, 0x03, 0xFE, 0x00, 0x07, 0xFE, 0x00, 0x7F,
  0xC0, 0x01, 0xFF, 0xC0, 0x0F, 0xF8, 0x00, 0x7F, 0xF0, 0x01, 0xFF, 0x00,
  0x1F, 0xFC, 0x00, 0x3F, 0xE0, 0x03, 0xFF, 0x00, 0x07, 0xFC, 0x00, 0xFF,
  0xC0, 0x00, 0xFF, 0x80, 0x3F, 0xF8, 0x00, 0x1F, 0xF0, 0x0F, 0xFE, 0x00,
  0x03, 0xFE, 0x01, 0xFF, 0x80, 0x00, 0x7F, 0xC0, 0x7F, 0xE0, 0x00, 0x0F,
  0xF8, 0x1F, 0xF8, 0x00, 0x01, 0xFF, 0x07, 0xFF, 0x00, 0x00, 0x3F, 0xE1,
  0xFF, 0xC0, 0x00, 0x07, 0xFF, 0xFF, 0xF0, 0x00, 0x00, 0xFF, 0xFF, 0xFC,
  0x00, 0x00, 0x1F, 0xFF, 0xFF, 0x00, 0x00, 0x03, 0xFF, 0xFF, 0xE0, 0x00,
  0x00, 0x7F, 0xFF, 0xFE, 0x00, 0x00, 0x0F, 0xFF, 0xFF, 0xE0, 0x00, 0x01,
  0xFF, 0xFF, 0xFE, 0x00, 0x00, 0x3F, 0xFF, 0xFF, 0xC0, 0x00, 0x07, 0xFC,
  0x1F, 0xFC, 0x00, 0x00, 0xFF, 0x81, 0xFF, 0xC0, 0x00, 0x1F, 0xF0, 0x3F,
  0xFC, 0x00, 0x03, 0xFE, 0x03, 0xFF, 0x80, 0x00, 0x7F, 0xC0, 0x3F, 0xF8,
  0x00, 0x0F, 0xF8, 0x03, 0xFF, 0x80, 0x01, 0xFF, 0x00, 0x7F, 0xF8, 0x00,
  0x3F, 0xE0, 0x07, 0xFF, 0x80, 0x07, 0xFC, 0x00, 0x7F, 0xF0, 0x00, 0xFF,
  0x80, 0x07, 0xFF, 0x00, 0x1F, 0xF0, 0x00, 0x7F, 0xF0, 0x03, 0xFE, 0x00,
  0x0F, 0xFF, 0x00, 0x7F, 0xC0, 0x00, 0xFF, 0xE0, 0x0F, 0xF8, 0x00, 0x0F,
  0xFE, 0x01, 0xFF, 0x00, 0x00, 0xFF, 0xE0, 0x3F, 0xE0, 0x00, 0x1F, 0xFE,
  0x07, 0xFC, 0x00, 0x01, 0xFF, 0xE0, 0xFF, 0x80, 0x00, 0x1F, 0xFC, 0x1F,
  0xF0, 0x00, 0x01, 0xFF, 0xC3, 0xFE, 0x00, 0x00, 0x3F, 0xFC, 0x7F, 0xC0,
  0x00, 0x03, 0xFF, 0xCF, 0xF8, 0x00, 0x00, 0x3F, 0xF9, 0xFF, 0x00, 0x00,
  0x03, 0xFF, 0xBF, 0xE0, 0x00, 0x00, 0x7F, 0xF8, 0xFF, 0x80, 0x00, 0x00,
  0x1F, 0xF0, 0x00, 0x00, 0x03, 0xFE, 0x00, 0x00, 0x00, 0x7F, 0xC0, 0x00,
  0x00, 0x0F, 0xF8, 0x00, 0x00, 0x01, 0xFF, 0x00, 0x00, 0x00, 0x3F, 0xE0,
  0x00, 0x00, 0x07, 0xFC, 0x00, 0x00, 0x00, 0xFF, 0x80, 0x00, 0x00, 0x1F,
  0xF0, 0x00, 0x00, 0x03, 0xFE, 0x00, 0x00, 0x00, 0x7F, 0xC0, 0x00, 0x00,
  0x0F, 0xF8, 0x00, 0x00, 0x01, 0xFF, 0x00, 0x00, 0x00, 0x3F, 0xE0, 0x00,
  0x00, 0x07, 0xFC, 0x00, 0x00, 0x00, 0xFF, 0x80, 0x00, 0x00, 0x1F, 0xF0,
  0x00, 0x00, 0x03, 0xFE, 0x00, 0x00, 0x00, 0x7F, 0xC0, 0x00, 0x00, 0x0F,
  0xF8, 0x00, 0x00, 0x01, 0xFF, 0x00, 0x00, 0x00, 0x3F, 0xE0, 0x00, 0x00,
  0x07, 0xFC, 0x00, 0x00, 0x00, 0xFF, 0x80, 0x00, 0x00, 0x1F, 0xF0, 0x00,
  0x00, 0x03, 0xFE, 0x00, 0x00, 0x00, 0x7F, 0xC0, 0x00, 0x00, 0x0F, 0xF8,
  0x00, 0x00, 0x01, 0xFF, 0x00, 0x00, 0x00, 0x3F, 0xE0, 0x00, 0x00, 0x07,
  0xFC, 0x00, 0x00, 0x00, 0xFF, 0x80, 0x00, 0x00, 0x1F, 0xF0, 0x00, 0x00,
  0x03, 0xFE, 0x00, 0x00, 0x00, 0x7F, 0xC0, 0x00, 0x00, 0x0F, 0xF8, 0x00,
  0x00, 0x01, 0xFF, 0x00, 0x00, 0x00, 0x3F, 0xE0, 0x00, 0x00, 0x07, 0xFC,
  0x00, 0x00, 0x00, 0xFF, 0x80, 0x00, 0x00, 0x1F, 0xF0, 0x00, 0x00, 0x03,
  0xFE, 0x00, 0x00, 0x00, 0x7F, 0xC0, 0x00, 0x00, 0x0F, 0xF8, 0x00, 0x00,
  0x01, 0xFF, 0x00, 0x00, 0x00, 0x3F, 0xE0, 0x00, 0x00, 0x07, 0xFC, 0x00,
  0x00, 0x00, 0xFF, 0xFF, 0xFF, 0xFF, 0xFF, 0xFF, 0xFF, 0xFF, 0xFF, 0xFF,
  0xFF, 0xFF, 0xFF, 0xFF, 0xFF, 0xFF, 0xFF, 0xFF, 0xFF, 0xFF, 0xFF, 0xFF,
  0xFF, 0xFF, 0xFF, 0xFF, 0xFF, 0xFF, 0xFF, 0xFF, 0xF8, 0xFF, 0xF0, 0x00,
  0x00, 0x00, 0x0F, 0xFF, 0xFF, 0xF8, 0x00, 0x00, 0x00, 0x0F, 0xFF, 0xFF,
  0xF8, 0x00, 0x00, 0x00, 0x1F, 0xFF, 0xFF, 0xF8, 0x00, 0x00, 0x00, 0x1F,
  0xFF, 0xFF, 0xFC, 0x00, 0x00, 0x00, 0x3F, 0xFF, 0xFF, 0xFC, 0x00, 0x00,
  0x00, 0x3F, 0xFF, 0xFF, 0xFC, 0x00, 0x00, 0x00, 0x3F, 0xFF, 0xFF, 0xFE,
  0x00, 0x00, 0x00, 0x7F, 0xFF, 0xFF, 0xFE, 0x00, 0x00, 0x00, 0x7F, 0xFF,
  0xFF, 0xFF, 0x00, 0x00, 0x00, 0x7F, 0xFF, 0xFF, 0xFF, 0x00, 0x00, 0x00,
  0xFF, 0xFF, 0xFF, 0xFF, 0x00, 0x00, 0x00, 0xFF, 0xFF, 0xFF, 0xFF, 0x80,
  0x00, 0x01, 0xFF, 0xFF, 0xFF, 0xFF, 0x80, 0x00, 0x01, 0xFF, 0xFF, 0xFF,
  0xFF, 0x80, 0x00, 0x01, 0xFF, 0xFF, 0xFF, 0xBF, 0xC0, 0x00, 0x03, 0xFF,
  0xFF, 0xFF, 0xBF, 0xC0, 0x00, 0x03, 0xFD, 0xFF, 0xFF, 0xBF, 0xE0, 0x00,
  0x03, 0xFD, 0xFF, 0xFF, 0x9F, 0xE0, 0x00, 0x07, 0xF9, 0xFF, 0xFF, 0x9F,
  0xE0, 0x00, 0x07, 0xF9, 0xFF, 0xFF, 0x9F, 0xF0, 0x00, 0x0F, 0xF9, 0xFF,
  0xFF, 0x8F, 0xF0, 0x00, 0x0F, 0xF1, 0xFF, 0xFF, 0x8F, 0xF0, 0x00, 0x0F,
  0xF1, 0xFF, 0xFF, 0x87, 0xF8, 0x00, 0x1F, 0xE1, 0xFF, 0xFF, 0x87, 0xF8,
  0x00, 0x1F, 0xE1, 0xFF, 0xFF, 0x87, 0xFC, 0x00, 0x3F, 0xE1, 0xFF, 0xFF,
  0x83, 0xFC, 0x00, 0x3F, 0xC1, 0xFF, 0xFF, 0x83, 0xFC, 0x00, 0x3F, 0xC1,
  0xFF, 0xFF, 0x81, 0xFE, 0x00, 0x7F, 0xC1, 0xFF, 0xFF, 0x81, 0xFE, 0x00,
  0x7F, 0x81, 0xFF, 0xFF, 0x81, 0xFE, 0x00, 0x7F, 0x81, 0xFF, 0xFF, 0x80,
  0xFF, 0x00, 0xFF, 0x01, 0xFF, 0xFF, 0x80, 0xFF, 0x00, 0xFF, 0x01, 0xFF,
  0xFF, 0x80, 0x7F, 0x81, 0xFF, 0x01, 0xFF, 0xFF, 0x80, 0x7F, 0x81, 0xFE,
  0x01, 0xFF, 0xFF, 0x80, 0x7F, 0x81, 0xFE, 0x01, 0xFF, 0xFF, 0x80, 0x3F,
  0xC3, 0xFC, 0x01, 0xFF, 0xFF, 0x80, 0x3F, 0xC3, 0xFC, 0x01, 0xFF, 0xFF,
  0x80, 0x3F, 0xC3, 0xFC, 0x01, 0xFF, 0xFF, 0x80, 0x1F, 0xE7, 0xF8, 0x01,
  0xFF, 0xFF, 0x80, 0x1F, 0xE7, 0xF8, 0x01, 0xFF, 0xFF, 0x80, 0x0F, 0xFF,
  0xF0, 0x01, 0xFF, 0xFF, 0x80, 0x0F, 0xFF, 0xF0, 0x01, 0xFF, 0xFF, 0x80,
  0x0F, 0xFF, 0xF0, 0x01, 0xFF, 0xFF, 0x80, 0x07, 0xFF, 0xE0, 0x01, 0xFF,
  0xFF, 0x80, 0x07, 0xFF, 0xE0, 0x01, 0xFF, 0xFF, 0x80, 0x03, 0xFF, 0xE0,
  0x01, 0xFF, 0xFF, 0x80, 0x03, 0xFF, 0xC0, 0x01, 0xFF, 0xFF, 0x80, 0x03,
  0xFF, 0xC0, 0x01, 0xFF, 0xFF, 0x80, 0x01, 0xFF, 0x80, 0x01, 0xFF, 0xFF,
  0x80, 0x01, 0xFF, 0x80, 0x01, 0xFF, 0xFF, 0x80, 0x01, 0xFF, 0x80, 0x01,
  0xFF, 0xFF, 0x80, 0x00, 0xFF, 0x00, 0x01, 0xFF, 0xFF, 0x80, 0x00, 0xFF,
  0x00, 0x01, 0xFF, 0xFF, 0x80, 0x00, 0x7E, 0x00, 0x01, 0xFF, 0xFF, 0x80,
  0x00, 0x00, 0x3F, 0xFF, 0xF8, 0x00, 0x00, 0x07, 0xFF, 0xFF, 0x80, 0x00,
  0x00, 0xFF, 0xFF, 0xF0, 0x00, 0x00, 0x1F, 0xFF, 0xFF, 0x00, 0x00, 0x03,
  0xFF, 0xFF, 0xE0, 0x00, 0x00, 0x7F, 0xFF, 0xFE, 0x00, 0x00, 0x0F, 0xFF,
  0xFF, 0xE0, 0x00, 0x01, 0xFF, 0xFF, 0xFC, 0x00, 0x00, 0x3F, 0xFF, 0xFF,
  0xC0, 0x00, 0x07, 0xFF, 0xFF, 0xFC, 0x00, 0x00, 0xFF, 0xFF, 0xFF, 0x80,
  0x00, 0x1F, 0xFF, 0xFF, 0xF8, 0x00, 0x03, 0xFF, 0xFF, 0xFF, 0x00, 0x00,
  0x7F, 0xFF, 0xFF, 0xF0, 0x00, 0x0F, 0xFF, 0xFF, 0xFF, 0x00, 0x01, 0xFF,
  0xFF, 0xBF, 0xE0, 0x00, 0x3F, 0xFF, 0xF7, 0xFE, 0x00, 0x07, 0xFF, 0xFE,
  0x7F, 0xE0, 0x00, 0xFF, 0xFF, 0xC7, 0xFC, 0x00, 0x1F, 0xFF, 0xF8, 0xFF,
  0xC0, 0x03, 0xFF, 0xFF, 0x0F, 0xF8, 0x00, 0x7F, 0xFF, 0xE0, 0xFF, 0x80,
  0x0F, 0xFF, 0xFC, 0x1F, 0xF8, 0x01, 0xFF, 0xFF, 0x81, 0xFF, 0x00, 0x3F,
  0xFF, 0xF0, 0x3F, 0xF0, 0x07, 0xFF, 0xFE, 0x03, 0xFE, 0x00, 0xFF, 0xFF,
  0xC0, 0x3F, 0xE0, 0x1F, 0xFF, 0xF8, 0x07, 0xFE, 0x03, 0xFF, 0xFF, 0x00,
  0x7F, 0xC0, 0x7F, 0xFF, 0xE0, 0x07, 0xFC, 0x0F, 0xFF, 0xFC, 0x00, 0xFF,
  0xC1, 0xFF, 0xFF, 0x80, 0x0F, 0xF8, 0x3F, 0xFF, 0xF0, 0x01, 0xFF, 0x87,
  0xFF, 0xFE, 0x00, 0x1F, 0xF0, 0xFF, 0xFF, 0xC0, 0x01, 0xFF, 0x1F, 0xFF,
  0xF8, 0x00, 0x3F, 0xF3, 0xFF, 0xFF, 0x00, 0x03, 0xFE, 0x7F, 0xFF, 0xE0,
  0x00, 0x3F, 0xEF, 0xFF, 0xFC, 0x00, 0x07, 0xFD, 0xFF, 0xFF, 0x80, 0x00,
  0x7F, 0xFF, 0xFF, 0xF0, 0x00, 0x0F, 0xFF, 0xFF, 0xFE, 0x00, 0x00, 0xFF,
  0xFF, 0xFF, 0xC0, 0x00, 0x0F, 0xFF, 0xFF, 0xF8, 0x00, 0x01, 0xFF, 0xFF,
  0xFF, 0x00, 0x00, 0x1F, 0xFF, 0xFF, 0xE0, 0x00, 0x01, 0xFF, 0xFF, 0xFC,
  0x00, 0x00, 0x3F, 0xFF, 0xFF, 0x80, 0x00, 0x03, 0xFF, 0xFF, 0xF0, 0x00,
  0x00, 0x7F, 0xFF, 0xFE, 0x00, 0x00, 0x07, 0xFF, 0xFF, 0xC0, 0x00, 0x00,
  0x7F, 0xFF, 0xF8, 0x00, 0x00, 0x0F, 0xFF, 0xFF, 0x00, 0x00, 0x00, 0xFF,
  0xFF, 0xE0, 0x00, 0x00, 0x0F, 0xF8, 0x00, 0x00, 0x7F, 0xF0, 0x00, 0x00,
  0x00, 0x1F, 0xFF, 0xF0, 0x00, 0x00, 0x03, 0xFF, 0xFF, 0xE0, 0x00, 0x00,
  0x7F, 0xFF, 0xFF, 0xC0, 0x00, 0x07, 0xFF, 0xFF, 0xFF, 0x80, 0x00, 0xFF,
  0xFF, 0xFF, 0xFE, 0x00, 0x0F, 0xFF, 0xFF, 0xFF, 0xF8, 0x00, 0xFF, 0xFF,
  0x1F, 0xFF, 0xE0, 0x07, 0xFF, 0x80, 0x0F, 0xFF, 0x80, 0x7F, 0xF0, 0x00,
  0x1F, 0xFC, 0x07, 0xFF, 0x00, 0x00, 0x7F, 0xF0, 0x3F, 0xF0, 0x00, 0x01,
  0xFF, 0xC3, 0xFF, 0x00, 0x00, 0x07, 0xFE, 0x1F, 0xF8, 0x00, 0x00, 0x1F,
  0xF1, 0xFF, 0x80, 0x00, 0x00, 0xFF, 0xCF, 0xFC, 0x00, 0x00, 0x03, 0xFE,
  0x7F, 0xC0, 0x00, 0x00, 0x1F, 0xF3, 0xFE, 0x00, 0x00, 0x00, 0xFF, 0xFF,
  0xF0, 0x00, 0x00, 0x03, 0xFF, 0xFF, 0x80, 0x00, 0x00, 0x1F, 0xFF, 0xF8,
  0x00, 0x00, 0x00, 0xFF, 0xFF, 0xC0, 0x00, 0x00, 0x07, 0xFF, 0xFE, 0x00,
  0x00, 0x00, 0x3F, 0xFF, 0xF0, 0x00, 0x00, 0x01, 0xFF, 0xFF, 0x80, 0x00,
  0x00, 0x0F, 0xFF, 0xFC, 0x00, 0x00, 0x00, 0x7F, 0xFF, 0xE0, 0x00, 0x00,
  0x03, 0xFF, 0xFF, 0x00, 0x00, 0x00, 0x1F, 0xFF, 0xF8, 0x00, 0x00, 0x00,
  0xFF, 0xFF, 0xC0, 0x00, 0x00, 0x07, 0xFF, 0xFE, 0x00, 0x00, 0x00, 0x3F,
  0xFF, 0xF0, 0x00, 0x00, 0x01, 0xFF, 0xFF, 0x80, 0x00, 0x00, 0x0F, 0xFF,
  0xFC, 0x00, 0x00, 0x00, 0x7F, 0xFF, 0xE0, 0x00, 0x00, 0x03, 0xFF, 0xFF,
  0x00, 0x00, 0x00, 0x1F, 0xFF, 0xF8, 0x00, 0x00, 0x00, 0xFF, 0xFF, 0xE0,
  0x00, 0x00, 0x07, 0xFF, 0xFF, 0x00, 0x00, 0x00, 0x3F, 0xEF, 0xF8, 0x00,
  0x00, 0x03, 0xFF, 0x7F, 0xC0, 0x00, 0x00, 0x1F, 0xFB, 0xFF, 0x00, 0x00,
  0x00, 0xFF, 0x9F, 0xF8, 0x00, 0x00, 0x0F, 0xFC, 0x7F, 0xE0, 0x00, 0x00,
  0x7F, 0xC3, 0xFF, 0x00, 0x00, 0x07, 0xFE, 0x0F, 0xFC, 0x00, 0x00, 0x7F,
  0xF0, 0x7F, 0xF0, 0x00, 0x07, 0xFF, 0x01, 0xFF, 0xC0, 0x00, 0x7F, 0xF0,
  0x07, 0xFF, 0x80, 0x0F, 0xFF, 0x80, 0x3F, 0xFF, 0xC7, 0xFF, 0xF8, 0x00,
  0xFF, 0xFF, 0xFF, 0xFF, 0x80, 0x03, 0xFF, 0xFF, 0xFF, 0xF8, 0x00, 0x07,
  0xFF, 0xFF, 0xFF, 0x80, 0x00, 0x1F, 0xFF, 0xFF, 0xF0, 0x00, 0x00, 0x3F,
  0xFF, 0xFE, 0x00, 0x00, 0x00, 0x7F, 0xFF, 0xC0, 0x00, 0x00, 0x00, 0x7F,
  0xF0, 0x00, 0x00, 0xFF, 0xFF, 0xFF, 0xE0, 0x00, 0x7F, 0xFF, 0xFF, 0xFE,
  0x00, 0x3F, 0xFF, 0xFF, 0xFF, 0xC0, 0x1F, 0xFF, 0xFF, 0xFF, 0xF8, 0x0F,
  0xFF, 0xFF, 0xFF, 0xFE, 0x07, 0xFF, 0xFF, 0xFF, 0xFF, 0x83, 0xFF, 0xFF,
  0xFF, 0xFF, 0xE1, 0xFF, 0x00, 0x07, 0xFF, 0xF8, 0xFF, 0x80, 0x00, 0x3F,
  0xFE, 0x7F, 0xC0, 0x00, 0x07, 0xFF, 0x3F, 0xE0, 0x00, 0x01, 0xFF, 0x9F,
  0xF0, 0x00, 0x00, 0x7F, 0xEF, 0xF8, 0x00, 0x00, 0x3F, 0xF7, 0xFC, 0x00,
  0x00, 0x0F, 0xFB, 0xFE, 0x00, 0x00, 0x07, 0xFD, 0xFF, 0x00, 0x00, 0x03,
  0xFF, 0xFF, 0x80, 0x00, 0x01, 0xFF, 0xFF, 0xC0, 0x00, 0x00, 0xFF, 0xFF,
  0xE0, 0x00, 0x00, 0x7F, 0xFF, 0xF0, 0x00, 0x00, 0x3F, 0xFF, 0xF8, 0x00,
  0x00, 0x1F, 0xF7, 0xFC, 0x00, 0x00, 0x0F, 0xFB, 0xFE, 0x00, 0x00, 0x0F,
  0xFD, 0xFF, 0x00, 0x00, 0x0F, 0xFE, 0xFF, 0x80, 0x00, 0x07, 0xFE, 0x7F,
  0xC0, 0x00, 0x0F, 0xFF, 0x3F, 0xE0, 0x00, 0x1F, 0xFF, 0x1F, 0xFF, 0xFF,
  0xFF, 0xFF, 0x0F, 0xFF, 0xFF, 0xFF, 0xFF, 0x07, 0xFF, 0xFF, 0xFF, 0xFF,
  0x03, 0xFF, 0xFF, 0xFF, 0xFF, 0x01, 0xFF, 0xFF, 0xFF, 0xFF, 0x00, 0xFF,
  0xFF, 0xFF, 0xFE, 0x00, 0x7F, 0xFF, 0xFF, 0xF0, 0x00, 0x3F, 0xE0, 0x00,
  0x00, 0x00, 0x1F, 0xF0, 0x00, 0x00, 0x00, 0x0F, 0xF8, 0x00, 0x00, 0x00,
  0x07, 0xFC, 0x00, 0x00, 0x00, 0x03, 0xFE, 0x00, 0x00, 0x00, 0x01, 0xFF,
  0x00, 0x00, 0x00, 0x00, 0xFF, 0x80, 0x00, 0x00, 0x00, 0x7F, 0xC0, 0x00,
  0x00, 0x00, 0x3F, 0xE0, 0x00, 0x00, 0x00, 0x1F, 0xF0, 0x00, 0x00, 0x00,
  0x0F, 0xF8, 0x00, 0x00, 0x00, 0x07, 0xFC, 0x00, 0x00, 0x00, 0x03, 0xFE,
  0x00, 0x00, 0x00, 0x01, 0xFF, 0x00, 0x00, 0x00, 0x00, 0xFF, 0x80, 0x00,
  0x00, 0x00, 0x7F, 0xC0, 0x00, 0x00, 0x00, 0x3F, 0xE0, 0x00, 0x00, 0x00,
  0x1F, 0xF0, 0x00, 0x00, 0x00, 0x0F, 0xF8, 0x00, 0x00, 0x00, 0x07, 0xFC,
  0x00, 0x00, 0x00, 0x03, 0xFE, 0x00, 0x00, 0x00, 0x00, 0x00, 0x00, 0x7F,
  0xF0, 0x00, 0x00, 0x00, 0x01, 0xFF, 0xFF, 0x00, 0x00, 0x00, 0x03, 0xFF,
  0xFF, 0xE0, 0x00, 0x00, 0x07, 0xFF, 0xFF, 0xFC, 0x00, 0x00, 0x07, 0xFF,
  0xFF, 0xFF, 0x80, 0x00, 0x0F, 0xFF, 0xFF, 0xFF, 0xE0, 0x00, 0x0F, 0xFF,
  0xFF, 0xFF, 0xF8, 0x00, 0x0F, 0xFF, 0xF1, 0xFF, 0xFE, 0x00, 0x07, 0xFF,
  0x80, 0x0F, 0xFF, 0x80, 0x07, 0xFF, 0x00, 0x01, 0xFF, 0xC0, 0x07, 0xFF,
  0x00, 0x00, 0x7F, 0xF0, 0x03, 0xFF, 0x00, 0x00, 0x1F, 0xF8, 0x03, 0xFF,
  0x00, 0x00, 0x07, 0xFE, 0x01, 0xFF, 0x80, 0x00, 0x01, 0xFF, 0x01, 0xFF,
  0x80, 0x00, 0x00, 0xFF, 0xC0, 0xFF, 0xC0, 0x00, 0x00, 0x3F, 0xE0, 0x7F,
  0xC0, 0x00, 0x00, 0x1F, 0xF0, 0x3F, 0xE0, 0x00, 0x00, 0x0F, 0xFC, 0x3F,
  0xF0, 0x00, 0x00, 0x03, 0xFE, 0x1F, 0xF8, 0x00, 0x00, 0x01, 0xFF, 0x0F,
  0xF8, 0x00, 0x00, 0x00, 0xFF, 0x87, 0xFC, 0x00, 0x00, 0x00, 0x7F, 0xC3,
  0xFE, 0x00, 0x00, 0x00, 0x3F, 0xE1, 0xFF, 0x00, 0x00, 0x00, 0x1F, 0xF0,
  0xFF, 0x80, 0x00, 0x00, 0x0F, 0xF8, 0x7F, 0xC0, 0x00, 0x00, 0x07, 0xFC,
  0x3F, 0xE0, 0x00, 0x00, 0x03, 0xFE, 0x1F, 0xF0, 0x00, 0x00, 0x01, 0xFF,
  0x0F, 0xF8, 0x00, 0x00, 0x00, 0xFF, 0x87, 0xFC, 0x00, 0x00, 0x00, 0x7F,
  0xC3, 0xFE, 0x00, 0x00, 0x00, 0x3F, 0xE1, 0xFF, 0x00, 0x00, 0x00, 0x1F,
  0xF0, 0xFF, 0x80, 0x00, 0x00, 0x0F, 0xF8, 0x7F, 0xC0, 0x00, 0x00, 0x07,
  0xFC, 0x3F, 0xE0, 0x00, 0x00, 0x03, 0xFE, 0x1F, 0xF0, 0x00, 0x00, 0x01,
  0xFF, 0x0F, 0xF8, 0x00, 0x00, 0x00, 0xFF, 0x87, 0xFE, 0x00, 0x00, 0x00,
  0x7F, 0xC3, 0xFF, 0x00, 0x00, 0x00, 0x3F, 0xE0, 0xFF, 0x80, 0x00, 0x00,
  0x3F, 0xF0, 0x7F, 0xC0, 0x00, 0x00, 0x1F, 0xF8, 0x3F, 0xF0, 0x00, 0x00,
  0x0F, 0xF8, 0x1F, 0xF8, 0x00, 0x00, 0x0F, 0xFC, 0x07, 0xFE, 0x00, 0x00,
  0x07, 0xFE, 0x03, 0xFF, 0x00, 0x00, 0x07, 0xFE, 0x00, 0xFF, 0xC0, 0x00,
  0x07, 0xFF, 0x00, 0x7F, 0xF0, 0x00, 0x07, 0xFF, 0x00, 0x1F, 0xFC, 0x00,
  0x07, 0xFF, 0x00, 0x07, 0xFF, 0x80, 0x0F, 0xFF, 0x80, 0x03, 0xFF, 0xFC,
  0x7F, 0xFF, 0xE0, 0x00, 0xFF, 0xFF, 0xFF, 0xFF, 0xF8, 0x00, 0x3F, 0xFF,
  0xFF, 0xFF, 0xFE, 0x00, 0x07, 0xFF, 0xFF, 0xFF, 0xFF, 0x80, 0x01, 0xFF,
  0xFF, 0xFF, 0xFF, 0xE0, 0x00, 0x3F, 0xFF, 0xFE, 0x7F, 0xF8, 0x00, 0x07,
  0xFF, 0xFC, 0x1F, 0xFE, 0x00, 0x00, 0x7F, 0xF0, 0x07, 0xFF, 0x80, 0x00,
  0x00, 0x00, 0x01, 0xFF, 0x80, 0x00, 0x00, 0x00, 0x00, 0x7F, 0x80, 0x00,
  0x00, 0x00, 0x00, 0x1F, 0x80, 0x00, 0x00, 0x00, 0x00, 0x07, 0x00, 0x00,
  0x00, 0x00, 0x00, 0x01, 0x00, 0xFF, 0xFF, 0xFF, 0x80, 0x00, 0x7F, 0xFF,
  0xFF, 0xFC, 0x00, 0x3F, 0xFF, 0xFF, 0xFF, 0x80, 0x1F, 0xFF, 0xFF, 0xFF,
  0xE0, 0x0F, 0xFF, 0xFF, 0xFF, 0xFC, 0x07, 0xFF, 0xFF, 0xFF, 0xFF, 0x03,
  0xFF, 0xFF, 0xFF, 0xFF, 0x81, 0xFF, 0x00, 0x0F, 0xFF, 0xE0, 0xFF, 0x80,
  0x00, 0x7F, 0xF8, 0x7F, 0xC0, 0x00, 0x1F, 0xFC, 0x3F, 0xE0, 0x00, 0x07,
  0xFE, 0x1F, 0xF0, 0x00, 0x01, 0xFF, 0x8F, 0xF8, 0x00, 0x00, 0xFF, 0xC7,
  0xFC, 0x00, 0x00, 0x3F, 0xE3, 0xFE, 0x00, 0x00, 0x1F, 0xF1, 0xFF, 0x00,
  0x00, 0x0F, 0xF8, 0xFF, 0x80, 0x00, 0x07, 0xFC, 0x7F, 0xC0, 0x00, 0x03,
  0xFE, 0x3F, 0xE0, 0x00, 0x01, 0xFF, 0x1F, 0xF0, 0x00, 0x00, 0xFF, 0x8F,
  0xF8, 0x00, 0x00, 0xFF, 0xC7, 0xFC, 0x00, 0x00, 0x7F, 0xC3, 0xFE, 0x00,
  0x00, 0x7F, 0xE1, 0xFF, 0x00, 0x00, 0x7F, 0xE0, 0xFF, 0x80, 0x01, 0xFF,
  0xE0, 0x7F, 0xFF, 0xFF, 0xFF, 0xE0, 0x3F, 0xFF, 0xFF, 0xFF, 0xE0, 0x1F,
  0xFF, 0xFF, 0xFF, 0xC0, 0x0F, 0xFF, 0xFF, 0xFF, 0xC0, 0x07, 0xFF, 0xFF,
  0xFF, 0xF8, 0x03, 0xFF, 0xFF, 0xFF, 0xFF, 0x01, 0xFF, 0xFF, 0xFF, 0xFF,
  0xC0, 0xFF, 0x80, 0x01, 0xFF, 0xF0, 0x7F, 0xC0, 0x00, 0x3F, 0xFC, 0x3F,
  0xE0, 0x00, 0x07, 0xFE, 0x1F, 0xF0, 0x00, 0x03, 0xFF, 0x0F, 0xF8, 0x00,
  0x00, 0xFF, 0xC7, 0xFC, 0x00, 0x00, 0x3F, 0xE3, 0xFE, 0x00, 0x00, 0x1F,
  0xF1, 0xFF, 0x00, 0x00, 0x0F, 0xF8, 0xFF, 0x80, 0x00, 0x07, 0xFC, 0x7F,
  0xC0, 0x00, 0x03, 0xFE, 0x3F, 0xE0, 0x00, 0x01, 0xFF, 0x1F, 0xF0, 0x00,
  0x00, 0xFF, 0x8F, 0xF8, 0x00, 0x00, 0x7F, 0xC7, 0xFC, 0x00, 0x00, 0x3F,
  0xE3, 0xFE, 0x00, 0x00, 0x1F, 0xF1, 0xFF, 0x00, 0x00, 0x0F, 0xF8, 0xFF,
  0x80, 0x00, 0x07, 0xFE, 0x7F, 0xC0, 0x00, 0x03, 0xFF, 0x3F, 0xE0, 0x00,
  0x01, 0xFF, 0x9F, 0xF0, 0x00, 0x00, 0x7F, 0xCF, 0xF8, 0x00, 0x00, 0x3F,
  0xF7, 0xFC, 0x00, 0x00, 0x1F, 0xFB, 0xFE, 0x00, 0x00, 0x07, 0xFE, 0x00,
  0x01, 0xFF, 0xC0, 0x00, 0x00, 0x1F, 0xFF, 0xF8, 0x00, 0x00, 0x7F, 0xFF,
  0xFE, 0x00, 0x00, 0xFF, 0xFF, 0xFF, 0x80, 0x03, 0xFF, 0xFF, 0xFF, 0xC0,
  0x07, 0xFF, 0xFF, 0xFF, 0xE0, 0x0F, 0xFF, 0xFF, 0xFF, 0xF0, 0x0F, 0xFF,
  0xC3, 0xFF, 0xF8, 0x1F, 0xFE, 0x00, 0x3F, 0xFC, 0x3F, 0xF8, 0x00, 0x1F,
  0xFC, 0x3F, 0xF0, 0x00, 0x0F, 0xFE, 0x3F, 0xE0, 0x00, 0x07, 0xFE, 0x7F,
  0xE0, 0x00, 0x03, 0xFE, 0x7F, 0xE0, 0x00, 0x03, 0xFF, 0x7F, 0xC0, 0x00,
  0x01, 0xFF, 0x7F, 0xC0, 0x00, 0x01, 0xFF, 0x7F, 0xE0, 0x00, 0x01, 0xFF,
  0x7F, 0xE0, 0x00, 0x00, 0x00, 0x3F, 0xE0, 0x00, 0x00, 0x00, 0x3F, 0xF0,
  0x00, 0x00, 0x00, 0x3F, 0xF8, 0x00, 0x00, 0x00, 0x1F, 0xFE, 0x00, 0x00,
  0x00, 0x1F, 0xFF, 0x80, 0x00, 0x00, 0x0F, 0xFF, 0xE0, 0x00, 0x00, 0x07,
  0xFF, 0xFC, 0x00, 0x00, 0x03, 0xFF, 0xFF, 0xC0, 0x00, 0x01, 0xFF, 0xFF,
  0xF0, 0x00, 0x00, 0xFF, 0xFF, 0xFC, 0x00, 0x00, 0x3F, 0xFF, 0xFF, 0x00,
  0x00, 0x0F, 0xFF, 0xFF, 0xC0, 0x00, 0x03, 0xFF, 0xFF, 0xE0, 0x00, 0x00,
  0x7F, 0xFF, 0xF0, 0x00, 0x00, 0x0F, 0xFF, 0xF8, 0x00, 0x00, 0x01, 0xFF,
  0xFC, 0x00, 0x00, 0x00, 0x3F, 0xFC, 0x00, 0x00, 0x00, 0x0F, 0xFE, 0x00,
  0x00, 0x00, 0x07, 0xFE, 0x00, 0x00, 0x00, 0x03, 0xFF, 0x00, 0x00, 0x00,
  0x03, 0xFF, 0x00, 0x00, 0x00, 0x01, 0xFF, 0xFF, 0x80, 0x00, 0x01, 0xFF,
  0xFF, 0x80, 0x00, 0x01, 0xFF, 0xFF, 0x80, 0x00, 0x01, 0xFF, 0xFF, 0x80,
  0x00, 0x01, 0xFF, 0xFF, 0xC0, 0x00, 0x01, 0xFF, 0x7F, 0xE0, 0x00, 0x03,
  0xFF, 0x7F, 0xF0, 0x00, 0x07, 0xFF, 0x7F, 0xF8, 0x00, 0x0F, 0xFE, 0x3F,
  0xFE, 0x00, 0x1F, 0xFE, 0x1F, 0xFF, 0xE1, 0xFF, 0xFC, 0x0F, 0xFF, 0xFF,
  0xFF, 0xF8, 0x07, 0xFF, 0xFF, 0xFF, 0xF0, 0x03, 0xFF, 0xFF, 0xFF, 0xE0,
  0x01, 0xFF, 0xFF, 0xFF, 0xC0, 0x00, 0x7F, 0xFF, 0xFF, 0x00, 0x00, 0x0F,
  0xFF, 0xFC, 0x00, 0x00, 0x01, 0xFF, 0xE0, 0x00, 0xFF, 0xFF, 0xFF, 0xFF,
  0xFF, 0xFF, 0xFF, 0xFF, 0xFF, 0xFF, 0xFF, 0xFF, 0xFF, 0xFF, 0xFF, 0xFF,
  0xFF, 0xFF, 0xFF, 0xFF, 0xFF, 0xFF, 0xFF, 0xFF, 0xFF, 0xFF, 0xFF, 0xFF,
  0xFF, 0xFF, 0xFF, 0xFF, 0xFF, 0xFF, 0xFF, 0xFF, 0xFF, 0xFF, 0xF0, 0x00,
  0x07, 0xFC, 0x00, 0x00, 0x00, 0x00, 0x7F, 0xC0, 0x00, 0x00, 0x00, 0x07,
  0xFC, 0x00, 0x00, 0x00, 0x00, 0x7F, 0xC0, 0x00, 0x00, 0x00, 0x07, 0xFC,
  0x00, 0x00, 0x00, 0x00, 0x7F, 0xC0, 0x00, 0x00, 0x00, 0x07, 0xFC, 0x00,
  0x00, 0x00, 0x00, 0x7F, 0xC0, 0x00, 0x00, 0x00, 0x07, 0xFC, 0x00, 0x00,
  0x00, 0x00, 0x7F, 0xC0, 0x00, 0x00, 0x00, 0x07, 0xFC, 0x00, 0x00, 0x00,
  0x00, 0x7F, 0xC0, 0x00, 0x00, 0x00, 0x07, 0xFC, 0x00, 0x00, 0x00, 0x00,
  0x7F, 0xC0, 0x00, 0x00, 0x00, 0x07, 0xFC, 0x00, 0x00, 0x00, 0x00, 0x7F,
  0xC0, 0x00, 0x00, 0x00, 0x07, 0xFC, 0x00, 0x00, 0x00, 0x00, 0x7F, 0xC0,
  0x00, 0x00, 0x00, 0x07, 0xFC, 0x00, 0x00, 0x00, 0x00, 0x7F, 0xC0, 0x00,
  0x00, 0x00, 0x07, 0xFC, 0x00, 0x00, 0x00, 0x00, 0x7F, 0xC0, 0x00, 0x00,
  0x00, 0x07, 0xFC, 0x00, 0x00, 0x00, 0x00, 0x7F, 0xC0, 0x00, 0x00, 0x00,
  0x07, 0xFC, 0x00, 0x00, 0x00, 0x00, 0x7F, 0xC0, 0x00, 0x00, 0x00, 0x07,
  0xFC, 0x00, 0x00, 0x00, 0x00, 0x7F, 0xC0, 0x00, 0x00, 0x00, 0x07, 0xFC,
  0x00, 0x00, 0x00, 0x00, 0x7F, 0xC0, 0x00, 0x00, 0x00, 0x07, 0xFC, 0x00,
  0x00, 0x00, 0x00, 0x7F, 0xC0, 0x00, 0x00, 0x00, 0x07, 0xFC, 0x00, 0x00,
  0x00, 0x00, 0x7F, 0xC0, 0x00, 0x00, 0x00, 0x07, 0xFC, 0x00, 0x00, 0x00,
  0x00, 0x7F, 0xC0, 0x00, 0x00, 0x00, 0x07, 0xFC, 0x00, 0x00, 0x00, 0x00,
  0x7F, 0xC0, 0x00, 0x00, 0x00, 0x07, 0xFC, 0x00, 0x00, 0x00, 0x00, 0x7F,
  0xC0, 0x00, 0x00, 0x00, 0x07, 0xFC, 0x00, 0x00, 0x00, 0x00, 0x7F, 0xC0,
  0x00, 0x00, 0x00, 0x07, 0xFC, 0x00, 0x00, 0x00, 0x00, 0x7F, 0xC0, 0x00,
  0x00, 0x00, 0x07, 0xFC, 0x00, 0x00, 0x00, 0x00, 0x7F, 0xC0, 0x00, 0x00,
  0x00, 0x07, 0xFC, 0x00, 0x00, 0x00, 0x00, 0x7F, 0xC0, 0x00, 0x00, 0xFF,
  0x80, 0x00, 0x00, 0x3F, 0xFF, 0xF0, 0x00, 0x00, 0x07, 0xFF, 0xFE, 0x00,
  0x00, 0x00, 0xFF, 0xFF, 0xC0, 0x00, 0x00, 0x1F, 0xFF, 0xF8, 0x00, 0x00,
  0x03, 0xFF, 0xFF, 0x00, 0x00, 0x00, 0x7F, 0xFF, 0xE0, 0x00, 0x00, 0x0F,
  0xFF, 0xFC, 0x00, 0x00, 0x01, 0xFF, 0xFF, 0x80, 0x00, 0x00, 0x3F, 0xFF,
  0xF0, 0x00, 0x00, 0x07, 0xFF, 0xFE, 0x00, 0x00, 0x00, 0xFF, 0xFF, 0xC0,
  0x00, 0x00, 0x1F, 0xFF, 0xF8, 0x00, 0x00, 0x03, 0xFF, 0xFF, 0x00, 0x00,
  0x00, 0x7F, 0xFF, 0xE0, 0x00, 0x00, 0x0F, 0xFF, 0xFC, 0x00, 0x00, 0x01,
  0xFF, 0xFF, 0x80, 0x00, 0x00, 0x3F, 0xFF, 0xF0, 0x00, 0x00, 0x07, 0xFF,
  0xFE, 0x00, 0x00, 0x00, 0xFF, 0xFF, 0xC0, 0x00, 0x00, 0x1F, 0xFF, 0xF8,
  0x00, 0x00, 0x03, 0xFF, 0xFF, 0x00, 0x00, 0x00, 0x7F, 0xFF, 0xE0, 0x00,
  0x00, 0x0F, 0xFF, 0xFC, 0x00, 0x00, 0x01, 0xFF, 0xFF, 0x80, 0x00, 0x00,
  0x3F, 0xFF, 0xF0, 0x00, 0x00, 0x07, 0xFF, 0xFE, 0x00, 0x00, 0x00, 0xFF,
  0xFF, 0xC0, 0x00, 0x00, 0x1F, 0xFF, 0xF8, 0x00, 0x00, 0x03, 0xFF, 0xFF,
  0x00, 0x00, 0x00, 0x7F, 0xFF, 0xE0, 0x00, 0x00, 0x0F, 0xFF, 0xFC, 0x00,
  0x00, 0x01, 0xFF, 0xFF, 0x80, 0x00, 0x00, 0x3F, 0xFF, 0xF0, 0x00, 0x00,
  0x07, 0xFF, 0xFE, 0x00, 0x00, 0x00, 0xFF, 0xFF, 0xC0, 0x00, 0x00, 0x1F,
  0xFF, 0xF8, 0x00, 0x00, 0x03, 0xFF, 0xFF, 0x00, 0x00, 0x00, 0x7F, 0xFF,
  0xE0, 0x00, 0x00, 0x0F, 0xFF, 0xFE, 0x00, 0x00, 0x01, 0xFF, 0xFF, 0xC0,
  0x00, 0x00, 0x7F, 0xEF, 0xF8, 0x00, 0x00, 0x0F, 0xFD, 0xFF, 0x80, 0x00,
  0x01, 0xFF, 0x3F, 0xF0, 0x00, 0x00, 0x7F, 0xE3, 0xFF, 0x00, 0x00, 0x1F,
  0xFC, 0x7F, 0xF0, 0x00, 0x07, 0xFF, 0x07, 0xFF, 0x00, 0x01, 0xFF, 0xE0,
  0xFF, 0xF8, 0x00, 0xFF, 0xF8, 0x0F, 0xFF, 0xF1, 0xFF, 0xFE, 0x00, 0xFF,
  0xFF, 0xFF, 0xFF, 0x80, 0x0F, 0xFF, 0xFF, 0xFF, 0xE0, 0x00, 0xFF, 0xFF,
  0xFF, 0xF8, 0x00, 0x0F, 0xFF, 0xFF, 0xFE, 0x00, 0x00, 0x7F, 0xFF, 0xFF,
  0x00, 0x00, 0x03, 0xFF, 0xFF, 0x80, 0x00, 0x00, 0x07, 0xFF, 0x00, 0x00,
  0xFF, 0xC0, 0x00, 0x00, 0x03, 0xFF, 0xFF, 0xC0, 0x00, 0x00, 0x03, 0xFE,
  0xFF, 0xC0, 0x00, 0x00, 0x07, 0xFE, 0x7F, 0xE0, 0x00, 0x00, 0x07, 0xFE,
  0x7F, 0xE0, 0x00, 0x00, 0x07, 0xFC, 0x3F, 0xE0, 0x00, 0x00, 0x0F, 0xFC,
  0x3F, 0xF0, 0x00, 0x00, 0x0F, 0xFC, 0x3F, 0xF0, 0x00, 0x00, 0x0F, 0xF8,
  0x1F, 0xF0, 0x00, 0x00, 0x1F, 0xF8, 0x1F, 0xF8, 0x00, 0x00, 0x1F, 0xF8,
  0x1F, 0xF8, 0x00, 0x00, 0x1F, 0xF0, 0x0F, 0xF8, 0x00, 0x00, 0x3F, 0xF0,
  0x0F, 0xFC, 0x00, 0x00, 0x3F, 0xE0, 0x0F, 0xFC, 0x00, 0x00, 0x3F, 0xE0,
  0x07, 0xFC, 0x00, 0x00, 0x7F, 0xE0, 0x07, 0xFE, 0x00, 0x00, 0x7F, 0xC0,
  0x07, 0xFE, 0x00, 0x00, 0x7F, 0xC0, 0x03, 0xFE, 0x00, 0x00, 0xFF, 0xC0,
  0x03, 0xFF, 0x00, 0x00, 0xFF, 0x80, 0x01, 0xFF, 0x00, 0x00, 0xFF, 0x80,
  0x01, 0xFF, 0x00, 0x01, 0xFF, 0x80, 0x01, 0xFF, 0x80, 0x01, 0xFF, 0x00,
  0x00, 0xFF, 0x80, 0x01, 0xFF, 0x00, 0x00, 0xFF, 0x80, 0x03, 0xFE, 0x00,
  0x00, 0xFF, 0xC0, 0x03, 0xFE, 0x00, 0x00, 0x7F, 0xC0, 0x03, 0xFE, 0x00,
  0x00, 0x7F, 0xC0, 0x07, 0xFC, 0x00, 0x00, 0x7F, 0xE0, 0x07, 0xFC, 0x00,
  0x00, 0x3F, 0xE0, 0x07, 0xFC, 0x00, 0x00, 0x3F, 0xE0, 0x0F, 0xF8, 0x00,
  0x00, 0x1F, 0xE0, 0x0F, 0xF8, 0x00, 0x00, 0x1F, 0xF0, 0x0F, 0xF8, 0x00,
  0x00, 0x1F, 0xF0, 0x1F, 0xF0, 0x00, 0x00, 0x0F, 0xF0, 0x1F, 0xF0, 0x00,
  0x00, 0x0F, 0xF8, 0x1F, 0xF0, 0x00, 0x00, 0x0F, 0xF8, 0x3F, 0xE0, 0x00,
  0x00, 0x07, 0xF8, 0x3F, 0xE0, 0x00, 0x00, 0x07, 0xFC, 0x3F, 0xC0, 0x00,
  0x00, 0x07, 0xFC, 0x7F, 0xC0, 0x00, 0x00, 0x03, 0xFC, 0x7F, 0xC0, 0x00,
  0x00, 0x03, 0xFE, 0x7F, 0x80, 0x00, 0x00, 0x03, 0xFE, 0xFF, 0x80, 0x00,
  0x00, 0x01, 0xFE, 0xFF, 0x80, 0x00, 0x00, 0x01, 0xFE, 0xFF, 0x00, 0x00,
  0x00, 0x00, 0xFF, 0xFF, 0x00, 0x00, 0x00, 0x00, 0xFF, 0xFF, 0x00, 0x00,
  0x00, 0x00, 0xFF, 0xFE, 0x00, 0x00, 0x00, 0x00, 0x7F, 0xFE, 0x00, 0x00,
  0x00, 0x00, 0x7F, 0xFC, 0x00, 0x00, 0x00, 0x00, 0x7F, 0xFC, 0x00, 0x00,
  0x00, 0x00, 0x3F, 0xFC, 0x00, 0x00, 0x00, 0x00, 0x3F, 0xF8, 0x00, 0x00,
  0x00, 0x00, 0x3F, 0xF8, 0x00, 0x00, 0x00, 0x00, 0x1F, 0xF8, 0x00, 0x00,
  0x00, 0x00, 0x1F, 0xF0, 0x00, 0x00, 0xFF, 0xC0, 0x00, 0x07, 0xF8, 0x00,
  0x00, 0xFF, 0xFF, 0xF0, 0x00, 0x03, 0xFE, 0x00, 0x00, 0x3F, 0xE7, 0xFC,
  0x00, 0x00, 0xFF, 0xC0, 0x00, 0x1F, 0xF9, 0xFF, 0x80, 0x00, 0x3F, 0xF0,
  0x00, 0x07, 0xFE, 0x7F, 0xE0, 0x00, 0x0F, 0xFC, 0x00, 0x01, 0xFF, 0x9F,
  0xF8, 0x00, 0x07, 0xFF, 0x00, 0x00, 0x7F, 0xC3, 0xFE, 0x00, 0x01, 0xFF,
  0xE0, 0x00, 0x1F, 0xF0, 0xFF, 0x80, 0x00, 0x7F, 0xF8, 0x00, 0x0F, 0xFC,
  0x3F, 0xF0, 0x00, 0x1F, 0xFE, 0x00, 0x03, 0xFF, 0x0F, 0xFC, 0x00, 0x0F,
  0xFF, 0xC0, 0x00, 0xFF, 0x81, 0xFF, 0x00, 0x03, 0xFF, 0xF0, 0x00, 0x3F,
  0xE0, 0x7F, 0xC0, 0x00, 0xFF, 0xFC, 0x00, 0x0F, 0xF8, 0x1F, 0xF0, 0x00,
  0x7F, 0xFF, 0x00, 0x07, 0xFE, 0x07, 0xFE, 0x00, 0x1F, 0xFF, 0xE0, 0x01,
  0xFF, 0x80, 0xFF, 0x80, 0x07, 0xFF, 0xF8, 0x00, 0x7F, 0xC0, 0x3F, 0xE0,
  0x01, 0xFF, 0xFE, 0x00, 0x1F, 0xF0, 0x0F, 0xF8, 0x00, 0xFF, 0xFF, 0x80,
  0x07, 0xFC, 0x03, 0xFE, 0x00, 0x3F, 0xDF, 0xF0, 0x03, 0xFF, 0x00, 0x7F,
  0xC0, 0x0F, 0xF3, 0xFC, 0x00, 0xFF, 0x80, 0x1F, 0xF0, 0x03, 0xFC, 0xFF,
  0x00, 0x3F, 0xE0, 0x07, 0xFC, 0x01, 0xFF, 0x3F, 0xC0, 0x0F, 0xF8, 0x01,
  0xFF, 0x00, 0x7F, 0x87, 0xF8, 0x03, 0xFE, 0x00, 0x7F, 0xC0, 0x1F, 0xE1,
  0xFE, 0x01, 0xFF, 0x00, 0x0F, 0xF8, 0x07, 0xF8, 0x7F, 0x80, 0x7F, 0xC0,
  0x03, 0xFE, 0x03, 0xFC, 0x1F, 0xF0, 0x1F, 0xF0, 0x00, 0xFF, 0x80, 0xFF,
  0x03, 0xFC, 0x07, 0xFC, 0x00, 0x3F, 0xE0, 0x3F, 0xC0, 0xFF, 0x01, 0xFE,
  0x00, 0x07, 0xFC, 0x1F, 0xF0, 0x3F, 0xC0, 0xFF, 0x80, 0x01, 0xFF, 0x07,
  0xF8, 0x07, 0xF8, 0x3F, 0xE0, 0x00, 0x7F, 0xC1, 0xFE, 0x01, 0xFE, 0x0F,
  0xF8, 0x00, 0x1F, 0xF0, 0x7F, 0x80, 0x7F, 0x83, 0xFC, 0x00, 0x03, 0xFC,
  0x3F, 0xC0, 0x1F, 0xE1, 0xFF, 0x00, 0x00, 0xFF, 0x8F, 0xF0, 0x03, 0xFC,
  0x7F, 0xC0, 0x00, 0x3F, 0xE3, 0xFC, 0x00, 0xFF, 0x1F, 0xF0, 0x00, 0x0F,
  0xF8, 0xFF, 0x00, 0x3F, 0xC7, 0xF8, 0x00, 0x01, 0xFE, 0x7F, 0x80, 0x07,
  0xF1, 0xFE, 0x00, 0x00, 0x7F, 0x9F, 0xE0, 0x01, 0xFE, 0xFF, 0x80, 0x00,
  0x1F, 0xF7, 0xF8, 0x00, 0x7F, 0xBF, 0xE0, 0x00, 0x07, 0xFD, 0xFC, 0x00,
  0x1F, 0xEF, 0xF8, 0x00, 0x00, 0xFF, 0xFF, 0x00, 0x03, 0xFF, 0xFC, 0x00,
  0x00, 0x3F, 0xFF, 0xC0, 0x00, 0xFF, 0xFF, 0x00, 0x00, 0x0F, 0xFF, 0xF0,
  0x00, 0x3F, 0xFF, 0xC0, 0x00, 0x03, 0xFF, 0xF8, 0x00, 0x07, 0xFF, 0xF0,
  0x00, 0x00, 0xFF, 0xFE, 0x00, 0x01, 0xFF, 0xF8, 0x00, 0x00, 0x1F, 0xFF,
  0x80, 0x00, 0x7F, 0xFE, 0x00, 0x00, 0x07, 0xFF, 0xC0, 0x00, 0x1F, 0xFF,
  0x80, 0x00, 0x01, 0xFF, 0xF0, 0x00, 0x03, 0xFF, 0xE0, 0x00, 0x00, 0x7F,
  0xFC, 0x00, 0x00, 0xFF, 0xF0, 0x00, 0x00, 0x0F, 0xFF, 0x00, 0x00, 0x3F,
  0xFC, 0x00, 0x00, 0x03, 0xFF, 0x80, 0x00, 0x07, 0xFF, 0x00, 0x00, 0x00,
  0xFF, 0xE0, 0x00, 0x01, 0xFF, 0xC0, 0x00, 0x00, 0x3F, 0xF8, 0x00, 0x00,
  0x7F, 0xE0, 0x00, 0x00, 0x07, 0xFC, 0x00, 0x00, 0x1F, 0xF8, 0x00, 0x00,
  0x01, 0xFF, 0x00, 0x00, 0x03, 0xFE, 0x00, 0x00, 0x00, 0x7F, 0xC0, 0x00,
  0x00, 0xFF, 0x80, 0x00, 0xFF, 0xE0, 0x00, 0x00, 0x3F, 0xF9, 0xFF, 0xC0,
  0x00, 0x00, 0xFF, 0xE3, 0xFF, 0x80, 0x00, 0x07, 0xFF, 0x0F, 0xFE, 0x00,
  0x00, 0x3F, 0xF8, 0x1F, 0xFC, 0x00, 0x00, 0xFF, 0xE0, 0x3F, 0xF0, 0x00,
  0x07, 0xFF, 0x00, 0xFF, 0xE0, 0x00, 0x1F, 0xF8, 0x01, 0xFF, 0x80, 0x00,
  0xFF, 0xE0, 0x03, 0xFF, 0x00, 0x03, 0xFF, 0x00, 0x0F, 0xFE, 0x00, 0x1F,
  0xFC, 0x00, 0x1F, 0xF8, 0x00, 0xFF, 0xE0, 0x00, 0x7F, 0xF0, 0x03, 0xFF,
  0x00, 0x00, 0xFF, 0xC0, 0x1F, 0xFC, 0x00, 0x01, 0xFF, 0x80, 0x7F, 0xE0,
  0x00, 0x07, 0xFE, 0x03, 0xFF, 0x00, 0x00, 0x0F, 0xFC, 0x0F, 0xFC, 0x00,
  0x00, 0x1F, 0xF0, 0x7F, 0xE0, 0x00, 0x00, 0x7F, 0xE3, 0xFF, 0x80, 0x00,
  0x00, 0xFF, 0xCF, 0xFC, 0x00, 0x00, 0x03, 0xFF, 0x7F, 0xE0, 0x00, 0x00,
  0x07, 0xFF, 0xFF, 0x80, 0x00, 0x00, 0x0F, 0xFF, 0xFC, 0x00, 0x00, 0x00,
  0x3F, 0xFF, 0xE0, 0x00, 0x00, 0x00, 0x7F, 0xFF, 0x80, 0x00, 0x00, 0x01,
  0xFF, 0xFC, 0x00, 0x00, 0x00, 0x03, 0xFF, 0xF0, 0x00, 0x00, 0x00, 0x07,
  0xFF, 0x80, 0x00, 0x00, 0x00, 0x1F, 0xFC, 0x00, 0x00, 0x00, 0x00, 0x7F,
  0xF8, 0x00, 0x00, 0x00, 0x03, 0xFF, 0xF0, 0x00, 0x00, 0x00, 0x1F, 0xFF,
  0xC0, 0x00, 0x00, 0x00, 0x7F, 0xFF, 0x80, 0x00, 0x00, 0x03, 0xFF, 0xFF,
  0x00, 0x00, 0x00, 0x0F, 0xFF, 0xFC, 0x00, 0x00, 0x00, 0x7F, 0xFF, 0xF8,
  0x00, 0x00, 0x03, 0xFF, 0x7F, 0xF0, 0x00, 0x00, 0x0F, 0xFC, 0xFF, 0xC0,
  0x00, 0x00, 0x7F, 0xE1, 0xFF, 0x80, 0x00, 0x03, 0xFF, 0x87, 0xFE, 0x00,
  0x00, 0x0F, 0xFC, 0x0F, 0xFC, 0x00, 0x00, 0x7F, 0xE0, 0x3F, 0xF8, 0x00,
  0x03, 0xFF, 0x80, 0x7F, 0xE0, 0x00, 0x0F, 0xFC, 0x00, 0xFF, 0xC0, 0x00,
  0x7F, 0xF0, 0x03, 0xFF, 0x80, 0x01, 0xFF, 0x80, 0x07, 0xFE, 0x00, 0x0F,
  0xFC, 0x00, 0x1F, 0xFC, 0x00, 0x7F, 0xF0, 0x00, 0x3F, 0xF8, 0x01, 0xFF,
  0x80, 0x00, 0x7F, 0xE0, 0x0F, 0xFE, 0x00, 0x01, 0xFF, 0xC0, 0x7F, 0xF0,
  0x00, 0x03, 0xFF, 0x81, 0xFF, 0xC0, 0x00, 0x0F, 0xFE, 0x0F, 0xFE, 0x00,
  0x00, 0x1F, 0xFC, 0x7F, 0xF0, 0x00, 0x00, 0x7F, 0xF1, 0xFF, 0xC0, 0x00,
  0x00, 0xFF, 0xEF, 0xFE, 0x00, 0x00, 0x01, 0xFF, 0xC0, 0xFF, 0xE0, 0x00,
  0x00, 0x07, 0xFE, 0xFF, 0xC0, 0x00, 0x00, 0x1F, 0xFD, 0xFF, 0xC0, 0x00,
  0x00, 0x3F, 0xF1, 0xFF, 0x80, 0x00, 0x00, 0xFF, 0xE3, 0xFF, 0x80, 0x00,
  0x01, 0xFF, 0x83, 0xFF, 0x00, 0x00, 0x07, 0xFE, 0x07, 0xFF, 0x00, 0x00,
  0x0F, 0xFC, 0x07, 0xFE, 0x00, 0x00, 0x3F, 0xF0, 0x07, 0xFE, 0x00, 0x00,
  0x7F, 0xE0, 0x0F, 0xFC, 0x00, 0x01, 0xFF, 0x80, 0x0F, 0xFC, 0x00, 0x03,
  0xFF, 0x00, 0x1F, 0xF8, 0x00, 0x0F, 0xFC, 0x00, 0x1F, 0xF8, 0x00, 0x1F,
  0xF8, 0x00, 0x3F, 0xF0, 0x00, 0x7F, 0xE0, 0x00, 0x3F, 0xF0, 0x00, 0xFF,
  0xC0, 0x00, 0x7F, 0xE0, 0x03, 0xFF, 0x00, 0x00, 0x7F, 0xE0, 0x07, 0xFE,
  0x00, 0x00, 0xFF, 0xC0, 0x1F, 0xF8, 0x00, 0x00, 0xFF, 0xC0, 0x3F, 0xE0,
  0x00, 0x01, 0xFF, 0x80, 0xFF, 0xC0, 0x00, 0x01, 0xFF, 0x81, 0xFF, 0x00,
  0x00, 0x01, 0xFF, 0x07, 0xFE, 0x00, 0x00, 0x03, 0xFE, 0x0F, 0xF8, 0x00,
  0x00, 0x03, 0xFE, 0x3F, 0xF0, 0x00, 0x00, 0x07, 0xFC, 0x7F, 0xC0, 0x00,
  0x00, 0x07, 0xFD, 0xFF, 0x80, 0x00, 0x00, 0x0F, 0xFB, 0xFE, 0x00, 0x00,
  0x00, 0x0F, 0xFF, 0xFC, 0x00, 0x00, 0x00, 0x1F, 0xFF, 0xF0, 0x00, 0x00,
  0x00, 0x1F, 0xFF, 0xE0, 0x00, 0x00, 0x00, 0x3F, 0xFF, 0x80, 0x00, 0x00,
  0x00, 0x3F, 0xFF, 0x00, 0x00, 0x00, 0x00, 0x7F, 0xFC, 0x00, 0x00, 0x00,
  0x00, 0x7F, 0xF0, 0x00, 0x00, 0x00, 0x00, 0xFF, 0xE0, 0x00, 0x00, 0x00,
  0x00, 0xFF, 0x80, 0x00, 0x00, 0x00, 0x01, 0xFF, 0x00, 0x00, 0x00, 0x00,
  0x03, 0xFE, 0x00, 0x00, 0x00, 0x00, 0x07, 0xFC, 0x00, 0x00, 0x00, 0x00,
  0x0F, 0xF8, 0x00, 0x00, 0x00, 0x00, 0x1F, 0xF0, 0x00, 0x00, 0x00, 0x00,
  0x3F, 0xE0, 0x00, 0x00, 0x00, 0x00, 0x7F, 0xC0, 0x00, 0x00, 0x00, 0x00,
  0xFF, 0x80, 0x00, 0x00, 0x00, 0x01, 0xFF, 0x00, 0x00, 0x00, 0x00, 0x03,
  0xFE, 0x00, 0x00, 0x00, 0x00, 0x07, 0xFC, 0x00, 0x00, 0x00, 0x00, 0x0F,
  0xF8, 0x00, 0x00, 0x00, 0x00, 0x1F, 0xF0, 0x00, 0x00, 0x00, 0x00, 0x3F,
  0xE0, 0x00, 0x00, 0x00, 0x00, 0x7F, 0xC0, 0x00, 0x00, 0x00, 0x00, 0xFF,
  0x80, 0x00, 0x00, 0x00, 0x01, 0xFF, 0x00, 0x00, 0x00, 0x00, 0x03, 0xFE,
  0x00, 0x00, 0x00, 0x00, 0x07, 0xFC, 0x00, 0x00, 0x00, 0x7F, 0xFF, 0xFF,
  0xFF, 0xFC, 0xFF, 0xFF, 0xFF, 0xFF, 0xF9, 0xFF, 0xFF, 0xFF, 0xFF, 0xF3,
  0xFF, 0xFF, 0xFF, 0xFF, 0xE7, 0xFF, 0xFF, 0xFF, 0xFF, 0xCF, 0xFF, 0xFF,
  0xFF, 0xFF, 0x9F, 0xFF, 0xFF, 0xFF, 0xFF, 0x00, 0x00, 0x00, 0x0F, 0xFC,
  0x00, 0x00, 0x00, 0x1F, 0xF8, 0x00, 0x00, 0x00, 0x7F, 0xE0, 0x00, 0x00,
  0x01, 0xFF, 0x80, 0x00, 0x00, 0x03, 0xFF, 0x00, 0x00, 0x00, 0x0F, 0xFC,
  0x00, 0x00, 0x00, 0x3F, 0xF0, 0x00, 0x00, 0x00, 0x7F, 0xE0, 0x00, 0x00,
  0x01, 0xFF, 0x80, 0x00, 0x00, 0x03, 0xFE, 0x00, 0x00, 0x00, 0x0F, 0xFC,
  0x00, 0x00, 0x00, 0x3F, 0xF0, 0x00, 0x00, 0x00, 0x7F, 0xC0, 0x00, 0x00,
  0x01, 0xFF, 0x80, 0x00, 0x00, 0x07, 0xFE, 0x00, 0x00, 0x00, 0x0F, 0xF8,
  0x00, 0x00, 0x00, 0x3F, 0xF0, 0x00, 0x00, 0x00, 0xFF, 0xC0, 0x00, 0x00,
  0x01, 0xFF, 0x80, 0x00, 0x00, 0x07, 0xFE, 0x00, 0x00, 0x00, 0x1F, 0xF8,
  0x00, 0x00, 0x00, 0x3F, 0xF0, 0x00, 0x00, 0x00, 0xFF, 0xC0, 0x00, 0x00,
  0x03, 0xFF, 0x00, 0x00, 0x00, 0x07, 0xFE, 0x00, 0x00, 0x00, 0x1F, 0xF8,
  0x00, 0x00, 0x00, 0x3F, 0xE0, 0x00, 0x00, 0x00, 0xFF, 0xC0, 0x00, 0x00,
  0x03, 0xFF, 0x00, 0x00, 0x00, 0x07, 0xFC, 0x00, 0x00, 0x00, 0x1F, 0xF8,
  0x00, 0x00, 0x00, 0x7F, 0xE0, 0x00, 0x00, 0x00, 0xFF, 0x80, 0x00, 0x00,
  0x03, 0xFF, 0x00, 0x00, 0x00, 0x0F, 0xFC, 0x00, 0x00, 0x00, 0x1F, 0xF8,
  0x00, 0x00, 0x00, 0x7F, 0xE0, 0x00, 0x00, 0x01, 0xFF, 0x80, 0x00, 0x00,
  0x03, 0xFF, 0x00, 0x00, 0x00, 0x0F, 0xFC, 0x00, 0x00, 0x00, 0x3F, 0xF0,
  0x00, 0x00, 0x00, 0x7F, 0xFF, 0xFF, 0xFF, 0xFF, 0xFF, 0xFF, 0xFF, 0xFF,
  0xFF, 0xFF, 0xFF, 0xFF, 0xFF, 0xFF, 0xFF, 0xFF, 0xFF, 0xFF, 0xFF, 0xFF,
  0xFF, 0xFF, 0xFF, 0xFF, 0xFF, 0xFF, 0xFF, 0xFF, 0xFF, 0xFF, 0xFF, 0xFF,
  0xFF, 0x80, 0xFF, 0xFF, 0xFF, 0xFF, 0xFF, 0xFF, 0xFF, 0xFF, 0xFF, 0xFF,
  0xFF, 0xFF, 0xFF, 0xFF, 0xFF, 0x80, 0xFF, 0x80, 0xFF, 0x80, 0xFF, 0x80,
  0xFF, 0x80, 0xFF, 0x80, 0xFF, 0x80, 0xFF, 0x80, 0xFF, 0x80, 0xFF, 0x80,
  0xFF, 0x80, 0xFF, 0x80, 0xFF, 0x80, 0xFF, 0x80, 0xFF, 0x80, 0xFF, 0x80,
  0xFF, 0x80, 0xFF, 0x80, 0xFF, 0x80, 0xFF, 0x80, 0xFF, 0x80, 0xFF, 0x80,
  0xFF, 0x80, 0xFF, 0x80, 0xFF, 0x80, 0xFF, 0x80, 0xFF, 0x80, 0xFF, 0x80,
  0xFF, 0x80, 0xFF, 0x80, 0xFF, 0x80, 0xFF, 0x80, 0xFF, 0x80, 0xFF, 0x80,
  0xFF, 0x80, 0xFF, 0x80, 0xFF, 0x80, 0xFF, 0x80, 0xFF, 0x80, 0xFF, 0x80,
  0xFF, 0x80, 0xFF, 0x80, 0xFF, 0x80, 0xFF, 0x80, 0xFF, 0x80, 0xFF, 0x80,
  0xFF, 0x80, 0xFF, 0x80, 0xFF, 0x80, 0xFF, 0x80, 0xFF, 0x80, 0xFF, 0x80,
  0xFF, 0x80, 0xFF, 0x80, 0xFF, 0x80, 0xFF, 0x80, 0xFF, 0x80, 0xFF, 0x80,
  0xFF, 0x80, 0xFF, 0x80, 0xFF, 0x80, 0xFF, 0x80, 0xFF, 0xFF, 0xFF, 0xFF,
  0xFF, 0xFF, 0xFF, 0xFF, 0xFF, 0xFF, 0xFF, 0xFF, 0xFF, 0xFF, 0xFF, 0x80,
  0x00, 0x00, 0xFF, 0x80, 0x00, 0x00, 0x7F, 0xC0, 0x00, 0x00, 0x7F, 0xC0,
  0x00, 0x00, 0x3F, 0xE0, 0x00, 0x00, 0x3F, 0xE0, 0x00, 0x00, 0x3F, 0xE0,
  0x00, 0x00, 0x1F, 0xF0, 0x00, 0x00, 0x1F, 0xF0, 0x00, 0x00, 0x1F, 0xF0,
  0x00, 0x00, 0x0F, 0xF8, 0x00, 0x00, 0x0F, 0xF8, 0x00, 0x00, 0x07, 0xFC,
  0x00, 0x00, 0x07, 0xFC, 0x00, 0x00, 0x07, 0xFC, 0x00, 0x00, 0x03, 0xFE,
  0x00, 0x00, 0x03, 0xFE, 0x00, 0x00, 0x01, 0xFF, 0x00, 0x00, 0x01, 0xFF,
  0x00, 0x00, 0x01, 0xFF, 0x00, 0x00, 0x00, 0xFF, 0x80, 0x00, 0x00, 0xFF,
  0x80, 0x00, 0x00, 0xFF, 0x80, 0x00, 0x00, 0x7F, 0xC0, 0x00, 0x00, 0x7F,
  0xC0, 0x00, 0x00, 0x3F, 0xE0, 0x00, 0x00, 0x3F, 0xE0, 0x00, 0x00, 0x3F,
  0xE0, 0x00, 0x00, 0x1F, 0xF0, 0x00, 0x00, 0x1F, 0xF0, 0x00, 0x00, 0x0F,
  0xF8, 0x00, 0x00, 0x0F, 0xF8, 0x00, 0x00, 0x0F, 0xF8, 0x00, 0x00, 0x07,
  0xFC, 0x00, 0x00, 0x07, 0xFC, 0x00, 0x00, 0x03, 0xFC, 0x00, 0x00, 0x03,
  0xFE, 0x00, 0x00, 0x03, 0xFE, 0x00, 0x00, 0x01, 0xFF, 0x00, 0x00, 0x01,
  0xFF, 0x00, 0x00, 0x01, 0xFF, 0x00, 0x00, 0x00, 0xFF, 0x80, 0x00, 0x00,
  0xFF, 0x80, 0x00, 0x00, 0x7F, 0xC0, 0x00, 0x00, 0x7F, 0xC0, 0x00, 0x00,
  0x7F, 0xC0, 0x00, 0x00, 0x3F, 0xE0, 0x00, 0x00, 0x3F, 0xE0, 0x00, 0x00,
  0x1F, 0xE0, 0x00, 0x00, 0x1F, 0xF0, 0x00, 0x00, 0x1F, 0xF0, 0x00, 0x00,
  0x0F, 0xF8, 0x00, 0x00, 0x0F, 0xF8, 0x00, 0x00, 0x0F, 0xF8, 0x00, 0x00,
  0x07, 0xFC, 0x00, 0x00, 0x07, 0xFC, 0x00, 0x00, 0x03, 0xFE, 0x00, 0x00,
  0x03, 0xFE, 0x00, 0x00, 0x03, 0xFE, 0x00, 0x00, 0x01, 0xFF, 0xFF, 0xFF,
  0xFF, 0xFF, 0xFF, 0xFF, 0xFF, 0xFF, 0xFF, 0xFF, 0xFF, 0xFF, 0xFF, 0xFF,
  0x01, 0xFF, 0x01, 0xFF, 0x01, 0xFF, 0x01, 0xFF, 0x01, 0xFF, 0x01, 0xFF,
  0x01, 0xFF, 0x01, 0xFF, 0x01, 0xFF, 0x01, 0xFF, 0x01, 0xFF, 0x01, 0xFF,
  0x01, 0xFF, 0x01, 0xFF, 0x01, 0xFF, 0x01, 0xFF, 0x01, 0xFF, 0x01, 0xFF,
  0x01, 0xFF, 0x01, 0xFF, 0x01, 0xFF, 0x01, 0xFF, 0x01, 0xFF, 0x01, 0xFF,
  0x01, 0xFF, 0x01, 0xFF, 0x01, 0xFF, 0x01, 0xFF, 0x01, 0xFF, 0x01, 0xFF,
  0x01, 0xFF, 0x01, 0xFF, 0x01, 0xFF, 0x01, 0xFF, 0x01, 0xFF, 0x01, 0xFF,
  0x01, 0xFF, 0x01, 0xFF, 0x01, 0xFF, 0x01, 0xFF, 0x01, 0xFF, 0x01, 0xFF,
  0x01, 0xFF, 0x01, 0xFF, 0x01, 0xFF, 0x01, 0xFF, 0x01, 0xFF, 0x01, 0xFF,
  0x01, 0xFF, 0x01, 0xFF, 0x01, 0xFF, 0x01, 0xFF, 0x01, 0xFF, 0x01, 0xFF,
  0x01, 0xFF, 0x01, 0xFF, 0x01, 0xFF, 0x01, 0xFF, 0x01, 0xFF, 0x01, 0xFF,
  0x01, 0xFF, 0x01, 0xFF, 0xFF, 0xFF, 0xFF, 0xFF, 0xFF, 0xFF, 0xFF, 0xFF,
  0xFF, 0xFF, 0xFF, 0xFF, 0xFF, 0xFF, 0x00, 0x1F, 0xC0, 0x00, 0x00, 0xFF,
  0x00, 0x00, 0x0F, 0xF8, 0x00, 0x00, 0x7F, 0xC0, 0x00, 0x03, 0xFF, 0x00,
  0x00, 0x3F, 0xF8, 0x00, 0x01, 0xFF, 0xE0, 0x00, 0x1F, 0xFF, 0x00, 0x00,
  0xFF, 0xF8, 0x00, 0x0F, 0xFF, 0xE0, 0x00, 0x7F, 0x7F, 0x00, 0x03, 0xFB,
  0xFC, 0x00, 0x3F, 0xDF, 0xE0, 0x01, 0xFC, 0x7F, 0x00, 0x1F, 0xE3, 0xFC,
  0x00, 0xFF, 0x0F, 0xE0, 0x07, 0xF0, 0x7F, 0x80, 0x7F, 0x83, 0xFC, 0x03,
  0xF8, 0x0F, 0xF0, 0x3F, 0xC0, 0x7F, 0x81, 0xFE, 0x01, 0xFC, 0x1F, 0xE0,
  0x0F, 0xF0, 0xFF, 0x00, 0x7F, 0x87, 0xF0, 0x01, 0xFE, 0x7F, 0x80, 0x0F,
  0xF3, 0xFC, 0x00, 0x3F, 0xBF, 0xC0, 0x01, 0xFF, 0xFE, 0x00, 0x0F, 0xF0,
  0xFF, 0xFF, 0xFF, 0xFF, 0xFF, 0xFF, 0xFF, 0xFF, 0xFF, 0xFF, 0xFF, 0xFF,
  0xFF, 0xFF, 0xFF, 0xFF, 0xFF, 0xFF, 0xFF, 0xFF, 0xFF, 0xFF, 0xFF, 0xFF,
  0xFF, 0xFF, 0xFF, 0xFF, 0xFF, 0xFF, 0xF8, 0xFF, 0xE0, 0x3F, 0xF0, 0x0F,
  0xFC, 0x03, 0xFF, 0x00, 0xFF, 0x80, 0x3F, 0xE0, 0x0F, 0xF8, 0x03, 0xFC,
  0x00, 0xFF, 0x00, 0x3F, 0xC0, 0x00, 0x03, 0xFF, 0x00, 0x00, 0x03, 0xFF,
  0xFE, 0x00, 0x00, 0xFF, 0xFF, 0xF0, 0x00, 0x1F, 0xFF, 0xFF, 0xC0, 0x03,
  0xFF, 0xFF, 0xFE, 0x00, 0x7F, 0xFF, 0xFF, 0xF0, 0x0F, 0xFF, 0xFF, 0xFF,
  0x81, 0xFF, 0xF9, 0xFF, 0xF8, 0x1F, 0xFC, 0x01, 0xFF, 0xC1, 0xFF, 0x00,
  0x0F, 0xFC, 0x3F, 0xF0, 0x00, 0xFF, 0xC3, 0xFE, 0x00, 0x07, 0xFC, 0x3F,
  0xE0, 0x00, 0x7F, 0xE0, 0x00, 0x00, 0x07, 0xFE, 0x00, 0x00, 0x00, 0x7F,
  0xE0, 0x00, 0x00, 0x07, 0xFE, 0x00, 0x00, 0x00, 0x7F, 0xE0, 0x00, 0x00,
  0x07, 0xFE, 0x00, 0x0F, 0xFF, 0xFF, 0xE0, 0x0F, 0xFF, 0xFF, 0xFE, 0x03,
  0xFF, 0xFF, 0xFF, 0xE0, 0x7F, 0xFF, 0xFF, 0xFE, 0x1F, 0xFF, 0xFF, 0xFF,
  0xE3, 0xFF, 0xFF, 0xFF, 0xFE, 0x3F, 0xFC, 0x00, 0x7F, 0xE7, 0xFF, 0x00,
  0x07, 0xFE, 0x7F, 0xE0, 0x00, 0x7F, 0xEF, 0xFC, 0x00, 0x07, 0xFE, 0xFF,
  0xC0, 0x00, 0x7F, 0xEF, 0xF8, 0x00, 0x07, 0xFE, 0xFF, 0x80, 0x00, 0x7F,
  0xEF, 0xFC, 0x00, 0x0F, 0xFE, 0xFF, 0xC0, 0x01, 0xFF, 0xEF, 0xFC, 0x00,
  0x3F, 0xFE, 0x7F, 0xE0, 0x0F, 0xFF, 0xE7, 0xFF, 0xEF, 0xFF, 0xFE, 0x7F,
  0xFF, 0xFF, 0xFF, 0xE3, 0xFF, 0xFF, 0xFF, 0xFE, 0x1F, 0xFF, 0xFF, 0x3F,
  0xE1, 0xFF, 0xFF, 0xE3, 0xFE, 0x07, 0xFF, 0xFC, 0x3F, 0xE0, 0x3F, 0xFF,
  0x03, 0xFF, 0x00, 0x7F, 0xC0, 0x1F, 0xF0, 0xFF, 0x80, 0x00, 0x00, 0x0F,
  0xF8, 0x00, 0x00, 0x00, 0xFF, 0x80, 0x00, 0x00, 0x0F, 0xF8, 0x00, 0x00,
  0x00, 0xFF, 0x80, 0x00, 0x00, 0x0F, 0xF8, 0x00, 0x00, 0x00, 0xFF, 0x80,
  0x00, 0x00, 0x0F, 0xF8, 0x00, 0x00, 0x00, 0xFF, 0x80, 0x00, 0x00, 0x0F,
  0xF8, 0x00, 0x00, 0x00, 0xFF, 0x80, 0x00, 0x00, 0x0F, 0xF8, 0x00, 0x00,
  0x00, 0xFF, 0x80, 0x00, 0x00, 0x0F, 0xF8, 0x00, 0x00, 0x00, 0xFF, 0x80,
  0x00, 0x00, 0x0F, 0xF8, 0x00, 0x00, 0x00, 0xFF, 0x80, 0x00, 0x00, 0x0F,
  0xF8, 0x0F, 0xF0, 0x00, 0xFF, 0x87, 0xFF, 0xE0, 0x0F, 0xF8, 0xFF, 0xFF,
  0x00, 0xFF, 0x9F, 0xFF, 0xFC, 0x0F, 0xFB, 0xFF, 0xFF, 0xE0, 0xFF, 0xFF,
  0xFF, 0xFE, 0x0F, 0xFF, 0xFF, 0xFF, 0xF0, 0xFF, 0xFF, 0xBF, 0xFF, 0x8F,
  0xFF, 0x80, 0x3F, 0xF8, 0xFF, 0xF0, 0x01, 0xFF, 0xCF, 0xFE, 0x00, 0x0F,
  0xFC, 0xFF, 0xC0, 0x00, 0x7F, 0xEF, 0xF8, 0x00, 0x07, 0xFE, 0xFF, 0x80,
  0x00, 0x7F, 0xEF, 0xF8, 0x00, 0x03, 0xFE, 0xFF, 0x80, 0x00, 0x3F, 0xFF,
  0xF8, 0x00, 0x03, 0xFF, 0xFF, 0x80, 0x00, 0x3F, 0xFF, 0xF8, 0x00, 0x01,
  0xFF, 0xFF, 0x80, 0x00, 0x1F, 0xFF, 0xF8, 0x00, 0x01, 0xFF, 0xFF, 0x80,
  0x00, 0x1F, 0xFF, 0xF8, 0x00, 0x01, 0xFF, 0xFF, 0x80, 0x00, 0x1F, 0xFF,
  0xF8, 0x00, 0x01, 0xFF, 0xFF, 0x80, 0x00, 0x1F, 0xFF, 0xF8, 0x00, 0x01,
  0xFF, 0xFF, 0x80, 0x00, 0x3F, 0xFF, 0xF8, 0x00, 0x03, 0xFF, 0xFF, 0x80,
  0x00, 0x3F, 0xEF, 0xF8, 0x00, 0x07, 0xFE, 0xFF, 0xC0, 0x00, 0x7F, 0xEF,
  0xFC, 0x00, 0x0F, 0xFE, 0xFF, 0xE0, 0x00, 0xFF, 0xCF, 0xFF, 0x80, 0x3F,
  0xFC, 0xFF, 0xFF, 0x9F, 0xFF, 0x8F, 0xFF, 0xFF, 0xFF, 0xF8, 0xFF, 0x7F,
  0xFF, 0xFF, 0x0F, 0xF3, 0xFF, 0xFF, 0xE0, 0xFF, 0x1F, 0xFF, 0xFC, 0x0F,
  0xF0, 0xFF, 0xFF, 0x80, 0xFF, 0x07, 0xFF, 0xE0, 0x0F, 0xE0, 0x0F, 0xF0,
  0x00, 0x00, 0x03, 0xFE, 0x00, 0x00, 0x03, 0xFF, 0xF8, 0x00, 0x01, 0xFF,
  0xFF, 0xC0, 0x00, 0xFF, 0xFF, 0xFC, 0x00, 0x3F, 0xFF, 0xFF, 0xC0, 0x0F,
  0xFF, 0xFF, 0xFC, 0x03, 0xFF, 0xFF, 0xFF, 0xC0, 0x7F, 0xFE, 0x7F, 0xFC,
  0x1F, 0xFC, 0x01, 0xFF, 0x83, 0xFF, 0x00, 0x1F, 0xF8, 0xFF, 0xC0, 0x01,
  0xFF, 0x1F, 0xF0, 0x00, 0x3F, 0xE7, 0xFE, 0x00, 0x03, 0xFC, 0xFF, 0x80,
  0x00, 0x7F, 0xDF, 0xF0, 0x00, 0x0F, 0xFB, 0xFE, 0x00, 0x01, 0xFF, 0xFF,
  0xC0, 0x00, 0x00, 0x1F, 0xF8, 0x00, 0x00, 0x03, 0xFE, 0x00, 0x00, 0x00,
  0x7F, 0xC0, 0x00, 0x00, 0x0F, 0xF8, 0x00, 0x00, 0x01, 0xFF, 0x00, 0x00,
  0x00, 0x3F, 0xE0, 0x00, 0x00, 0x07, 0xFC, 0x00, 0x00, 0x00, 0xFF, 0x80,
  0x00, 0x00, 0x1F, 0xF8, 0x00, 0x00, 0x03, 0xFF, 0x00, 0x00, 0x00, 0x3F,
  0xE0, 0x00, 0x00, 0x07, 0xFC, 0x00, 0x00, 0x00, 0xFF, 0x80, 0x00, 0x7F,
  0xDF, 0xF8, 0x00, 0x0F, 0xF9, 0xFF, 0x00, 0x01, 0xFE, 0x3F, 0xF0, 0x00,
  0x7F, 0xC3, 0xFF, 0x00, 0x1F, 0xF8, 0x7F, 0xF0, 0x07, 0xFE, 0x07, 0xFF,
  0xEF, 0xFF, 0xC0, 0xFF, 0xFF, 0xFF, 0xF0, 0x0F, 0xFF, 0xFF, 0xFC, 0x00,
  0xFF, 0xFF, 0xFF, 0x00, 0x0F, 0xFF, 0xFF, 0xC0, 0x00, 0x7F, 0xFF, 0xF0,
  0x00, 0x03, 0xFF, 0xF8, 0x00, 0x00, 0x0F, 0xF8, 0x00, 0x00, 0x00, 0x00,
  0x00, 0x1F, 0xF0, 0x00, 0x00, 0x01, 0xFF, 0x00, 0x00, 0x00, 0x1F, 0xF0,
  0x00, 0x00, 0x01, 0xFF, 0x00, 0x00, 0x00, 0x1F, 0xF0, 0x00, 0x00, 0x01,
  0xFF, 0x00, 0x00, 0x00, 0x1F, 0xF0, 0x00, 0x00, 0x01, 0xFF, 0x00, 0x00,
  0x00, 0x1F, 0xF0, 0x00, 0x00, 0x01, 0xFF, 0x00, 0x00, 0x00, 0x1F, 0xF0,
  0x00, 0x00, 0x01, 0xFF, 0x00, 0x00, 0x00, 0x1F, 0xF0, 0x00, 0x00, 0x01,
  0xFF, 0x00, 0x00, 0x00, 0x1F, 0xF0, 0x00, 0x00, 0x01, 0xFF, 0x00, 0x00,
  0x00, 0x1F, 0xF0, 0x00, 0xFF, 0x01, 0xFF, 0x00, 0x7F, 0xFE, 0x1F, 0xF0,
  0x0F, 0xFF, 0xF1, 0xFF, 0x03, 0xFF, 0xFF, 0x9F, 0xF0, 0x7F, 0xFF, 0xFD,
  0xFF, 0x07, 0xFF, 0xFF, 0xFF, 0xF0, 0xFF, 0xFF, 0xFF, 0xFF, 0x1F, 0xFF,
  0xDF, 0xFF, 0xF1, 0xFF, 0xC0, 0x1F, 0xFF, 0x3F, 0xF8, 0x00, 0xFF, 0xF3,
  0xFF, 0x00, 0x07, 0xFF, 0x3F, 0xF0, 0x00, 0x3F, 0xF7, 0xFE, 0x00, 0x01,
  0xFF, 0x7F, 0xE0, 0x00, 0x1F, 0xF7, 0xFC, 0x00, 0x01, 0xFF, 0x7F, 0xC0,
  0x00, 0x1F, 0xFF, 0xFC, 0x00, 0x01, 0xFF, 0xFF, 0xC0, 0x00, 0x1F, 0xFF,
  0xFC, 0x00, 0x01, 0xFF, 0xFF, 0x80, 0x00, 0x1F, 0xFF, 0xF8, 0x00, 0x01,
  0xFF, 0xFF, 0x80, 0x00, 0x1F, 0xFF, 0xF8, 0x00, 0x01, 0xFF, 0xFF, 0x80,
  0x00, 0x1F, 0xFF, 0xF8, 0x00, 0x01, 0xFF, 0xFF, 0xC0, 0x00, 0x1F, 0xFF,
  0xFC, 0x00, 0x01, 0xFF, 0x7F, 0xC0, 0x00, 0x1F, 0xF7, 0xFC, 0x00, 0x01,
  0xFF, 0x7F, 0xE0, 0x00, 0x1F, 0xF7, 0xFE, 0x00, 0x01, 0xFF, 0x3F, 0xF0,
  0x00, 0x3F, 0xF3, 0xFF, 0x00, 0x07, 0xFF, 0x3F, 0xF8, 0x00, 0xFF, 0xF1,
  0xFF, 0xE0, 0x3F, 0xFF, 0x0F, 0xFF, 0xFF, 0xFF, 0xF0, 0xFF, 0xFF, 0xFF,
  0xFF, 0x07, 0xFF, 0xFF, 0xEF, 0xF0, 0x3F, 0xFF, 0xFC, 0xFF, 0x01, 0xFF,
  0xFF, 0x8F, 0xF0, 0x07, 0xFF, 0xE0, 0xFF, 0x00, 0x0F, 0xF0, 0x0F, 0xF0,
  0x00, 0x03, 0xFE, 0x00, 0x00, 0x03, 0xFF, 0xF8, 0x00, 0x01, 0xFF, 0xFF,
  0xC0, 0x00, 0x7F, 0xFF, 0xFC, 0x00, 0x1F, 0xFF, 0xFF, 0xC0, 0x07, 0xFF,
  0xFF, 0xFC, 0x01, 0xFF, 0xFF, 0xFF, 0xC0, 0x7F, 0xFC, 0x7F, 0xFC, 0x1F,
  0xFC, 0x01, 0xFF, 0x83, 0xFF, 0x00, 0x1F, 0xF8, 0xFF, 0xC0, 0x01, 0xFF,
  0x1F, 0xF8, 0x00, 0x3F, 0xE7, 0xFE, 0x00, 0x03, 0xFC, 0xFF, 0xC0, 0x00,
  0x7F, 0xDF, 0xF0, 0x00, 0x0F, 0xFB, 0xFE, 0x00, 0x01, 0xFF, 0xFF, 0xC0,
  0x00, 0x3F, 0xFF, 0xFF, 0xFF, 0xFF, 0xFF, 0xFF, 0xFF, 0xFF, 0xFF, 0xFF,
  0xFF, 0xFF, 0xFF, 0xFF, 0xFF, 0xFF, 0xFF, 0xFF, 0xFF, 0xFF, 0xFF, 0xFF,
  0xFF, 0xFF, 0xFF, 0xFF, 0xFF, 0xFF, 0xFF, 0xFF, 0xFF, 0xFF, 0xC0, 0x00,
  0x00, 0x1F, 0xF8, 0x00, 0x00, 0x03, 0xFF, 0x00, 0x00, 0x00, 0x3F, 0xE0,
  0x00, 0x00, 0x07, 0xFC, 0x00, 0x00, 0x00, 0xFF, 0xC0, 0x00, 0x00, 0x1F,
  0xF8, 0x00, 0x00, 0x01, 0xFF, 0x80, 0x00, 0x00, 0x3F, 0xF0, 0x00, 0x01,
  0x03, 0xFF, 0x00, 0x00, 0xE0, 0x7F, 0xF8, 0x00, 0x7E, 0x07, 0xFF, 0xF1,
  0xFF, 0xC0, 0x7F, 0xFF, 0xFF, 0xFC, 0x0F, 0xFF, 0xFF, 0xFF, 0x80, 0xFF,
  0xFF, 0xFF, 0xF8, 0x07, 0xFF, 0xFF, 0xFC, 0x00, 0x7F, 0xFF, 0xFE, 0x00,
  0x03, 0xFF, 0xFF, 0x00, 0x00, 0x0F, 0xFE, 0x00, 0x00, 0x00, 0x00, 0xFF,
  0x00, 0x01, 0xFF, 0xF0, 0x01, 0xFF, 0xFC, 0x00, 0xFF, 0xFE, 0x00, 0x7F,
  0xFF, 0x80, 0x3F, 0xFF, 0xE0, 0x0F, 0xFF, 0xF8, 0x07, 0xFF, 0xE6, 0x01,
  0xFF, 0x80, 0x00, 0xFF, 0xC0, 0x00, 0x3F, 0xF0, 0x00, 0x0F, 0xF8, 0x00,
  0x03, 0xFE, 0x00, 0x00, 0xFF, 0x80, 0x00, 0x3F, 0xE0, 0x00, 0x0F, 0xF8,
  0x00, 0x03, 0xFE, 0x00, 0x00, 0xFF, 0x80, 0x00, 0x3F, 0xE0, 0x03, 0xFF,
  0xFF, 0xF8, 0xFF, 0xFF, 0xFE, 0x3F, 0xFF, 0xFF, 0x8F, 0xFF, 0xFF, 0xE3,
  0xFF, 0xFF, 0xF8, 0xFF, 0xFF, 0xFE, 0x3F, 0xFF, 0xFF, 0x80, 0x3F, 0xE0,
  0x00, 0x0F, 0xF8, 0x00, 0x03, 0xFE, 0x00, 0x00, 0xFF, 0x80, 0x00, 0x3F,
  0xE0, 0x00, 0x0F, 0xF8, 0x00, 0x03, 0xFE, 0x00, 0x00, 0xFF, 0x80, 0x00,
  0x3F, 0xE0, 0x00, 0x0F, 0xF8, 0x00, 0x03, 0xFE, 0x00, 0x00, 0xFF, 0x80,
  0x00, 0x3F, 0xE0, 0x00, 0x0F, 0xF8, 0x00, 0x03, 0xFE, 0x00, 0x00, 0xFF,
  0x80, 0x00, 0x3F, 0xE0, 0x00, 0x0F, 0xF8, 0x00, 0x03, 0xFE, 0x00, 0x00,
  0xFF, 0x80, 0x00, 0x3F, 0xE0, 0x00, 0x0F, 0xF8, 0x00, 0x03, 0xFE, 0x00,
  0x00, 0xFF, 0x80, 0x00, 0x3F, 0xE0, 0x00, 0x0F, 0xF8, 0x00, 0x03, 0xFE,
  0x00, 0x00, 0xFF, 0x80, 0x00, 0x3F, 0xE0, 0x00, 0x0F, 0xF8, 0x00, 0x03,
  0xFE, 0x00, 0x00, 0xFF, 0x80, 0x00, 0x3F, 0xE0, 0x00, 0x0F, 0xF8, 0x00,
  0x00, 0x0F, 0xF0, 0x07, 0xF0, 0x03, 0xFF, 0xE0, 0xFF, 0x00, 0xFF, 0xFF,
  0x8F, 0xF0, 0x1F, 0xFF, 0xFC, 0xFF, 0x03, 0xFF, 0xFF, 0xEF, 0xF0, 0x7F,
  0xFF, 0xFE, 0xFF, 0x0F, 0xFF, 0xFF, 0xFF, 0xF0, 0xFF, 0xFC, 0xFF, 0xFF,
  0x1F, 0xFE, 0x01, 0xFF, 0xF1, 0xFF, 0x80, 0x07, 0xFF, 0x3F, 0xF0, 0x00,
  0x3F, 0xF3, 0xFF, 0x00, 0x01, 0xFF, 0x3F, 0xE0, 0x00, 0x1F, 0xF7, 0xFE,
  0x00, 0x01, 0xFF, 0x7F, 0xE0, 0x00, 0x1F, 0xF7, 0xFC, 0x00, 0x01, 0xFF,
  0x7F, 0xC0, 0x00, 0x1F, 0xF7, 0xFC, 0x00, 0x01, 0xFF, 0x7F, 0xC0, 0x00,
  0x1F, 0xFF, 0xFC, 0x00, 0x01, 0xFF, 0xFF, 0xC0, 0x00, 0x1F, 0xFF, 0xFC,
  0x00, 0x01, 0xFF, 0xFF, 0xC0, 0x00, 0x1F, 0xFF, 0xFC, 0x00, 0x01, 0xFF,
  0xFF, 0xC0, 0x00, 0x1F, 0xF7, 0xFC, 0x00, 0x01, 0xFF, 0x7F, 0xC0, 0x00,
  0x1F, 0xF7, 0xFC, 0x00, 0x01, 0xFF, 0x7F, 0xC0, 0x00, 0x1F, 0xF7, 0xFE,
  0x00, 0x01, 0xFF, 0x7F, 0xE0, 0x00, 0x1F, 0xF3, 0xFE, 0x00, 0x01, 0xFF,
  0x3F, 0xF0, 0x00, 0x3F, 0xF3, 0xFF, 0x80, 0x07, 0xFF, 0x1F, 0xFC, 0x00,
  0xFF, 0xF1, 0xFF, 0xFC, 0xFF, 0xFF, 0x0F, 0xFF, 0xFF, 0xFF, 0xF0, 0x7F,
  0xFF, 0xFF, 0xFF, 0x07, 0xFF, 0xFF, 0xFF, 0xF0, 0x3F, 0xFF, 0xFD, 0xFF,
  0x00, 0xFF, 0xFF, 0x9F, 0xF0, 0x07, 0xFF, 0xE1, 0xFF, 0x00, 0x0F, 0xF0,
  0x1F, 0xF0, 0x00, 0x00, 0x01, 0xFF, 0x00, 0x00, 0x00, 0x1F, 0xF0, 0x00,
  0x00, 0x01, 0xFF, 0x00, 0x00, 0x00, 0x1F, 0xF0, 0x00, 0x00, 0x03, 0xFF,
  0x00, 0x00, 0x00, 0x3F, 0xE0, 0x20, 0x00, 0x07, 0xFE, 0x03, 0xC0, 0x01,
  0xFF, 0xE0, 0x3F, 0xF1, 0xFF, 0xFC, 0x07, 0xFF, 0xFF, 0xFF, 0x80, 0x7F,
  0xFF, 0xFF, 0xF8, 0x07, 0xFF, 0xFF, 0xFF, 0x00, 0x7F, 0xFF, 0xFF, 0xC0,
  0x03, 0xFF, 0xFF, 0xF8, 0x00, 0x0F, 0xFF, 0xFE, 0x00, 0x00, 0x0F, 0xFE,
  0x00, 0x00, 0xFF, 0x80, 0x00, 0x00, 0x3F, 0xE0, 0x00, 0x00, 0x0F, 0xF8,
  0x00, 0x00, 0x03, 0xFE, 0x00, 0x00, 0x00, 0xFF, 0x80, 0x00, 0x00, 0x3F,
  0xE0, 0x00, 0x00, 0x0F, 0xF8, 0x00, 0x00, 0x03, 0xFE, 0x00, 0x00, 0x00,
  0xFF, 0x80, 0x00, 0x00, 0x3F, 0xE0, 0x00, 0x00, 0x0F, 0xF8, 0x00, 0x00,
  0x03, 0xFE, 0x00, 0x00, 0x00, 0xFF, 0x80, 0x00, 0x00, 0x3F, 0xE0, 0x00,
  0x00, 0x0F, 0xF8, 0x00, 0x00, 0x03, 0xFE, 0x00, 0x00, 0x00, 0xFF, 0x80,
  0x00, 0x00, 0x3F, 0xE0, 0x1F, 0xE0, 0x0F, 0xF8, 0x3F, 0xFE, 0x03, 0xFE,
  0x3F, 0xFF, 0xE0, 0xFF, 0x9F, 0xFF, 0xFC, 0x3F, 0xEF, 0xFF, 0xFF, 0x8F,
  0xFF, 0xFF, 0xFF, 0xF3, 0xFF, 0xFF, 0xFF, 0xFC, 0xFF, 0xFF, 0x9F, 0xFF,
  0xBF, 0xFE, 0x00, 0xFF, 0xEF, 0xFE, 0x00, 0x1F, 0xFF, 0xFF, 0x00, 0x03,
  0xFF, 0xFF, 0x80, 0x00, 0xFF, 0xFF, 0xE0, 0x00, 0x1F, 0xFF, 0xF8, 0x00,
  0x07, 0xFF, 0xFE, 0x00, 0x01, 0xFF, 0xFF, 0x80, 0x00, 0x7F, 0xFF, 0xE0,
  0x00, 0x1F, 0xFF, 0xF8, 0x00, 0x07, 0xFF, 0xFE, 0x00, 0x01, 0xFF, 0xFF,
  0x80, 0x00, 0x7F, 0xFF, 0xE0, 0x00, 0x1F, 0xFF, 0xF8, 0x00, 0x07, 0xFF,
  0xFE, 0x00, 0x01, 0xFF, 0xFF, 0x80, 0x00, 0x7F, 0xFF, 0xE0, 0x00, 0x1F,
  0xFF, 0xF8, 0x00, 0x07, 0xFF, 0xFE, 0x00, 0x01, 0xFF, 0xFF, 0x80, 0x00,
  0x7F, 0xFF, 0xE0, 0x00, 0x1F, 0xFF, 0xF8, 0x00, 0x07, 0xFF, 0xFE, 0x00,
  0x01, 0xFF, 0xFF, 0x80, 0x00, 0x7F, 0xFF, 0xE0, 0x00, 0x1F, 0xFF, 0xF8,
  0x00, 0x07, 0xFF, 0xFE, 0x00, 0x01, 0xFF, 0xFF, 0x80, 0x00, 0x7F, 0xFF,
  0xE0, 0x00, 0x1F, 0xFF, 0xF8, 0x00, 0x07, 0xFF, 0xFE, 0x00, 0x01, 0xFF,
  0xFF, 0x80, 0x00, 0x7F, 0xFF, 0xE0, 0x00, 0x1F, 0xFF, 0xF8, 0x00, 0x07,
  0xFC, 0xFF, 0xFF, 0xFF, 0xFF, 0xFF, 0xFF, 0xFF, 0xFF, 0xFF, 0xFF, 0x00,
  0x00, 0x00, 0x00, 0x00, 0x00, 0x00, 0x00, 0x00, 0x00, 0x00, 0x00, 0x0F,
  0xFF, 0xFF, 0xFF, 0xFF, 0xFF, 0xFF, 0xFF, 0xFF, 0xFF, 0xFF, 0xFF, 0xFF,
  0xFF, 0xFF, 0xFF, 0xFF, 0xFF, 0xFF, 0xFF, 0xFF, 0xFF, 0xFF, 0xFF, 0xFF,
  0xFF, 0xFF, 0xFF, 0xFF, 0xFF, 0xFF, 0xFF, 0xFF, 0xFF, 0xFF, 0xFF, 0xFF,
  0xFF, 0xFF, 0xFF, 0xFF, 0xFF, 0xFF, 0xFF, 0xFF, 0xFF, 0xFF, 0xFF, 0xFF,
  0xFF, 0xFF, 0xFC, 0x00, 0x7F, 0xC0, 0x1F, 0xF0, 0x07, 0xFC, 0x01, 0xFF,
  0x00, 0x7F, 0xC0, 0x1F, 0xF0, 0x07, 0xFC, 0x00, 0x00, 0x00, 0x00, 0x00,
  0x00, 0x00, 0x00, 0x00, 0x00, 0x00, 0x00, 0x00, 0x00, 0x00, 0x00, 0x00,
  0x00, 0x00, 0x00, 0x00, 0x00, 0x00, 0x00, 0x00, 0x07, 0xFC, 0x01, 0xFF,
  0x00, 0x7F, 0xC0, 0x1F, 0xF0, 0x07, 0xFC, 0x01, 0xFF, 0x00, 0x7F, 0xC0,
  0x1F, 0xF0, 0x07, 0xFC, 0x01, 0xFF, 0x00, 0x7F, 0xC0, 0x1F, 0xF0, 0x07,
  0xFC, 0x01, 0xFF, 0x00, 0x7F, 0xC0, 0x1F, 0xF0, 0x07, 0xFC, 0x01, 0xFF,
  0x00, 0x7F, 0xC0, 0x1F, 0xF0, 0x07, 0xFC, 0x01, 0xFF, 0x00, 0x7F, 0xC0,
  0x1F, 0xF0, 0x07, 0xFC, 0x01, 0xFF, 0x00, 0x7F, 0xC0, 0x1F, 0xF0, 0x07,
  0xFC, 0x01, 0xFF, 0x00, 0x7F, 0xC0, 0x1F, 0xF0, 0x07, 0xFC, 0x01, 0xFF,
  0x00, 0x7F, 0xC0, 0x1F, 0xF0, 0x07, 0xFC, 0x01, 0xFF, 0x00, 0x7F, 0xC0,
  0x1F, 0xF0, 0x07, 0xFC, 0x01, 0xFF, 0x00, 0x7F, 0xC0, 0x1F, 0xF0, 0x07,
  0xFC, 0x01, 0xFF, 0x00, 0x7F, 0xC0, 0x3F, 0xF0, 0x0F, 0xFC, 0x07, 0xFE,
  0xCF, 0xFF, 0xBF, 0xFF, 0xEF, 0xFF, 0xF3, 0xFF, 0xF8, 0xFF, 0xFC, 0x3F,
  0xFE, 0x0F, 0xFF, 0x01, 0xFE, 0x00, 0xFF, 0x80, 0x00, 0x00, 0x0F, 0xF8,
  0x00, 0x00, 0x00, 0xFF, 0x80, 0x00, 0x00, 0x0F, 0xF8, 0x00, 0x00, 0x00,
  0xFF, 0x80, 0x00, 0x00, 0x0F, 0xF8, 0x00, 0x00, 0x00, 0xFF, 0x80, 0x00,
  0x00, 0x0F, 0xF8, 0x00, 0x00, 0x00, 0xFF, 0x80, 0x00, 0x00, 0x0F, 0xF8,
  0x00, 0x00, 0x00, 0xFF, 0x80, 0x00, 0x00, 0x0F, 0xF8, 0x00, 0x00, 0x00,
  0xFF, 0x80, 0x00, 0x00, 0x0F, 0xF8, 0x00, 0x00, 0x00, 0xFF, 0x80, 0x00,
  0x00, 0x0F, 0xF8, 0x00, 0x00, 0x00, 0xFF, 0x80, 0x00, 0x00, 0x0F, 0xF8,
  0x00, 0x00, 0x00, 0xFF, 0x80, 0x01, 0xFF, 0xCF, 0xF8, 0x00, 0x3F, 0xF8,
  0xFF, 0x80, 0x03, 0xFF, 0x0F, 0xF8, 0x00, 0x7F, 0xF0, 0xFF, 0x80, 0x0F,
  0xFE, 0x0F, 0xF8, 0x00, 0xFF, 0xC0, 0xFF, 0x80, 0x1F, 0xF8, 0x0F, 0xF8,
  0x03, 0xFF, 0x80, 0xFF, 0x80, 0x7F, 0xF0, 0x0F, 0xF8, 0x07, 0xFE, 0x00,
  0xFF, 0x80, 0xFF, 0xC0, 0x0F, 0xF8, 0x1F, 0xFC, 0x00, 0xFF, 0x81, 0xFF,
  0x80, 0x0F, 0xF8, 0x3F, 0xF0, 0x00, 0xFF, 0x87, 0xFE, 0x00, 0x0F, 0xF8,
  0xFF, 0xE0, 0x00, 0xFF, 0xFF, 0xFC, 0x00, 0x0F, 0xFF, 0xFF, 0x80, 0x00,
  0xFF, 0xFF, 0xF0, 0x00, 0x0F, 0xFF, 0xFF, 0x80, 0x00, 0xFF, 0xFF, 0xF8,
  0x00, 0x0F, 0xFF, 0xFF, 0xC0, 0x00, 0xFF, 0xFF, 0xFE, 0x00, 0x0F, 0xF8,
  0x7F, 0xE0, 0x00, 0xFF, 0x83, 0xFF, 0x00, 0x0F, 0xF8, 0x3F, 0xF8, 0x00,
  0xFF, 0x81, 0xFF, 0xC0, 0x0F, 0xF8, 0x0F, 0xFC, 0x00, 0xFF, 0x80, 0xFF,
  0xE0, 0x0F, 0xF8, 0x07, 0xFF, 0x00, 0xFF, 0x80, 0x3F, 0xF0, 0x0F, 0xF8,
  0x03, 0xFF, 0x80, 0xFF, 0x80, 0x1F, 0xFC, 0x0F, 0xF8, 0x00, 0xFF, 0xE0,
  0xFF, 0x80, 0x07, 0xFE, 0x0F, 0xF8, 0x00, 0x7F, 0xF0, 0xFF, 0x80, 0x03,
  0xFF, 0x8F, 0xF8, 0x00, 0x1F, 0xF8, 0xFF, 0x80, 0x01, 0xFF, 0xCF, 0xF8,
  0x00, 0x0F, 0xFE, 0xFF, 0x80, 0x00, 0x7F, 0xE0, 0xFF, 0xFF, 0xFF, 0xFF,
  0xFF, 0xFF, 0xFF, 0xFF, 0xFF, 0xFF, 0xFF, 0xFF, 0xFF, 0xFF, 0xFF, 0xFF,
  0xFF, 0xFF, 0xFF, 0xFF, 0xFF, 0xFF, 0xFF, 0xFF, 0xFF, 0xFF, 0xFF, 0xFF,
  0xFF, 0xFF, 0xFF, 0xFF, 0xFF, 0xFF, 0xFF, 0xFF, 0xFF, 0xFF, 0xFF, 0xFF,
  0xFF, 0xFF, 0xFF, 0xFF, 0xFF, 0xFF, 0xFF, 0xFF, 0xFF, 0xFF, 0xFF, 0xFF,
  0xFF, 0xFF, 0xFF, 0xFF, 0xFF, 0xFF, 0xFF, 0xFF, 0xFF, 0xFF, 0xFF, 0xFF,
  0xFF, 0xFF, 0xFF, 0xFF, 0xFF, 0xFF, 0xFF, 0xFF, 0xFF, 0xFC, 0xFF, 0x00,
  0x7F, 0x80, 0x00, 0x7F, 0x00, 0x3F, 0xC0, 0xFF, 0xF8, 0x00, 0xFF, 0xF8,
  0x0F, 0xF8, 0xFF, 0xFF, 0x80, 0xFF, 0xFF, 0x03, 0xFE, 0x7F, 0xFF, 0xF0,
  0x7F, 0xFF, 0xF0, 0xFF, 0xBF, 0xFF, 0xFE, 0x3F, 0xFF, 0xFC, 0x3F, 0xFF,
  0xFF, 0xFF, 0x9F, 0xFF, 0xFF, 0x8F, 0xFF, 0xFF, 0xFF, 0xF7, 0xFF, 0xFF,
  0xF3, 0xFF, 0xFC, 0xFF, 0xFF, 0xFE, 0x7F, 0xFC, 0xFF, 0xF0, 0x07, 0xFF,
  0xF8, 0x03, 0xFF, 0xBF, 0xF8, 0x00, 0xFF, 0xFC, 0x00, 0x7F, 0xEF, 0xFC,
  0x00, 0x1F, 0xFE, 0x00, 0x1F, 0xFB, 0xFE, 0x00, 0x07, 0xFF, 0x00, 0x03,
  0xFE, 0xFF, 0x80, 0x00, 0xFF, 0xC0, 0x00, 0xFF, 0xFF, 0xE0, 0x00, 0x3F,
  0xE0, 0x00, 0x3F, 0xFF, 0xF8, 0x00, 0x0F, 0xFC, 0x00, 0x07, 0xFF, 0xFE,
  0x00, 0x03, 0xFF, 0x00, 0x01, 0xFF, 0xFF, 0x80, 0x00, 0xFF, 0xC0, 0x00,
  0x7F, 0xFF, 0xE0, 0x00, 0x3F, 0xF0, 0x00, 0x1F, 0xFF, 0xF8, 0x00, 0x0F,
  0xFC, 0x00, 0x07, 0xFF, 0xFE, 0x00, 0x03, 0xFF, 0x00, 0x01, 0xFF, 0xFF,
  0x80, 0x00, 0xFF, 0xC0, 0x00, 0x7F, 0xFF, 0xE0, 0x00, 0x3F, 0xF0, 0x00,
  0x1F, 0xFF, 0xF8, 0x00, 0x0F, 0xFC, 0x00, 0x07, 0xFF, 0xFE, 0x00, 0x03,
  0xFF, 0x00, 0x01, 0xFF, 0xFF, 0x80, 0x00, 0xFF, 0xC0, 0x00, 0x7F, 0xFF,
  0xE0, 0x00, 0x3F, 0xF0, 0x00, 0x1F, 0xFF, 0xF8, 0x00, 0x0F, 0xFC, 0x00,
  0x07, 0xFF, 0xFE, 0x00, 0x03, 0xFF, 0x00, 0x01, 0xFF, 0xFF, 0x80, 0x00,
  0xFF, 0xC0, 0x00, 0x7F, 0xFF, 0xE0, 0x00, 0x3F, 0xF0, 0x00, 0x1F, 0xFF,
  0xF8, 0x00, 0x0F, 0xFC, 0x00, 0x07, 0xFF, 0xFE, 0x00, 0x03, 0xFF, 0x00,
  0x01, 0xFF, 0xFF, 0x80, 0x00, 0xFF, 0xC0, 0x00, 0x7F, 0xFF, 0xE0, 0x00,
  0x3F, 0xF0, 0x00, 0x1F, 0xFF, 0xF8, 0x00, 0x0F, 0xFC, 0x00, 0x07, 0xFF,
  0xFE, 0x00, 0x03, 0xFF, 0x00, 0x01, 0xFF, 0xFF, 0x80, 0x00, 0xFF, 0xC0,
  0x00, 0x7F, 0xFF, 0xE0, 0x00, 0x3F, 0xF0, 0x00, 0x1F, 0xFF, 0xF8, 0x00,
  0x0F, 0xFC, 0x00, 0x07, 0xFF, 0xFE, 0x00, 0x03, 0xFF, 0x00, 0x01, 0xFF,
  0xFF, 0x80, 0x00, 0xFF, 0xC0, 0x00, 0x7F, 0xFF, 0xE0, 0x00, 0x3F, 0xF0,
  0x00, 0x1F, 0xF0, 0xFF, 0x00, 0x7F, 0x80, 0x3F, 0xC0, 0xFF, 0xFC, 0x0F,
  0xF0, 0x7F, 0xFF, 0x83, 0xFE, 0x7F, 0xFF, 0xF0, 0xFF, 0xBF, 0xFF, 0xFE,
  0x3F, 0xEF, 0xFF, 0xFF, 0xCF, 0xFF, 0xFF, 0xFF, 0xFB, 0xFF, 0xFE, 0x7F,
  0xFE, 0xFF, 0xF8, 0x03, 0xFF, 0xBF, 0xF8, 0x00, 0x7F, 0xFF, 0xFC, 0x00,
  0x0F, 0xFF, 0xFE, 0x00, 0x03, 0xFF, 0xFF, 0x80, 0x00, 0x7F, 0xFF, 0xE0,
  0x00, 0x1F, 0xFF, 0xF8, 0x00, 0x07, 0xFF, 0xFE, 0x00, 0x01, 0xFF, 0xFF,
  0x80, 0x00, 0x7F, 0xFF, 0xE0, 0x00, 0x1F, 0xFF, 0xF8, 0x00, 0x07, 0xFF,
  0xFE, 0x00, 0x01, 0xFF, 0xFF, 0x80, 0x00, 0x7F, 0xFF, 0xE0, 0x00, 0x1F,
  0xFF, 0xF8, 0x00, 0x07, 0xFF, 0xFE, 0x00, 0x01, 0xFF, 0xFF, 0x80, 0x00,
  0x7F, 0xFF, 0xE0, 0x00, 0x1F, 0xFF, 0xF8, 0x00, 0x07, 0xFF, 0xFE, 0x00,
  0x01, 0xFF, 0xFF, 0x80, 0x00, 0x7F, 0xFF, 0xE0, 0x00, 0x1F, 0xFF, 0xF8,
  0x00, 0x07, 0xFF, 0xFE, 0x00, 0x01, 0xFF, 0xFF, 0x80, 0x00, 0x7F, 0xFF,
  0xE0, 0x00, 0x1F, 0xFF, 0xF8, 0x00, 0x07, 0xFF, 0xFE, 0x00, 0x01, 0xFF,
  0xFF, 0x80, 0x00, 0x7F, 0xFF, 0xE0, 0x00, 0x1F, 0xFF, 0xF8, 0x00, 0x07,
  0xFF, 0xFE, 0x00, 0x01, 0xFF, 0xFF, 0x80, 0x00, 0x7F, 0xFF, 0xE0, 0x00,
  0x1F, 0xF0, 0x00, 0x03, 0xFF, 0x00, 0x00, 0x00, 0x7F, 0xFF, 0x80, 0x00,
  0x07, 0xFF, 0xFF, 0x80, 0x00, 0x3F, 0xFF, 0xFF, 0x00, 0x01, 0xFF, 0xFF,
  0xFF, 0x00, 0x0F, 0xFF, 0xFF, 0xFE, 0x00, 0x7F, 0xFF, 0xFF, 0xF8, 0x03,
  0xFF, 0xF3, 0xFF, 0xF0, 0x1F, 0xFE, 0x00, 0xFF, 0xE0, 0x7F, 0xE0, 0x01,
  0xFF, 0x83, 0xFF, 0x00, 0x03, 0xFF, 0x0F, 0xFC, 0x00, 0x0F, 0xFC, 0x7F,
  0xE0, 0x00, 0x1F, 0xF9, 0xFF, 0x80, 0x00, 0x7F, 0xE7, 0xFC, 0x00, 0x00,
  0xFF, 0x9F, 0xF0, 0x00, 0x03, 0xFE, 0xFF, 0xC0, 0x00, 0x0F, 0xFF, 0xFF,
  0x00, 0x00, 0x3F, 0xFF, 0xFC, 0x00, 0x00, 0x7F, 0xFF, 0xE0, 0x00, 0x01,
  0xFF, 0xFF, 0x80, 0x00, 0x07, 0xFF, 0xFE, 0x00, 0x00, 0x1F, 0xFF, 0xF8,
  0x00, 0x00, 0x7F, 0xFF, 0xF0, 0x00, 0x01, 0xFF, 0xFF, 0xC0, 0x00, 0x07,
  0xFF, 0xFF, 0x00, 0x00, 0x3F, 0xFF, 0xFC, 0x00, 0x00, 0xFF, 0xDF, 0xF0,
  0x00, 0x03, 0xFE, 0x7F, 0xC0, 0x00, 0x0F, 0xF9, 0xFF, 0x80, 0x00, 0x7F,
  0xE7, 0xFE, 0x00, 0x01, 0xFF, 0x8F, 0xFC, 0x00, 0x0F, 0xFC, 0x3F, 0xF0,
  0x00, 0x3F, 0xF0, 0x7F, 0xE0, 0x01, 0xFF, 0x81, 0xFF, 0xE0, 0x0F, 0xFE,
  0x03, 0xFF, 0xF3, 0xFF, 0xF0, 0x07, 0xFF, 0xFF, 0xFF, 0x80, 0x0F, 0xFF,
  0xFF, 0xFE, 0x00, 0x1F, 0xFF, 0xFF, 0xF0, 0x00, 0x3F, 0xFF, 0xFF, 0x00,
  0x00, 0x7F, 0xFF, 0xF8, 0x00, 0x00, 0x7F, 0xFF, 0x80, 0x00, 0x00, 0x3F,
  0xF0, 0x00, 0x00, 0xFF, 0x00, 0xFF, 0x00, 0x0F, 0xF0, 0x7F, 0xFE, 0x00,
  0xFF, 0x0F, 0xFF, 0xF0, 0x0F, 0xF3, 0xFF, 0xFF, 0xC0, 0xFF, 0x7F, 0xFF,
  0xFE, 0x0F, 0xFF, 0xFF, 0xFF, 0xE0, 0xFF, 0xFF, 0xFF, 0xFF, 0x0F, 0xFF,
  0xF3, 0xFF, 0xF8, 0xFF, 0xF8, 0x03, 0xFF, 0x8F, 0xFE, 0x00, 0x1F, 0xFC,
  0xFF, 0xC0, 0x00, 0xFF, 0xCF, 0xFC, 0x00, 0x0F, 0xFE, 0xFF, 0x80, 0x00,
  0x7F, 0xEF, 0xF8, 0x00, 0x07, 0xFE, 0xFF, 0x80, 0x00, 0x3F, 0xEF, 0xF8,
  0x00, 0x03, 0xFF, 0xFF, 0x80, 0x00, 0x3F, 0xFF, 0xF8, 0x00, 0x03, 0xFF,
  0xFF, 0x80, 0x00, 0x1F, 0xFF, 0xF8, 0x00, 0x01, 0xFF, 0xFF, 0x80, 0x00,
  0x1F, 0xFF, 0xF8, 0x00, 0x01, 0xFF, 0xFF, 0x80, 0x00, 0x1F, 0xFF, 0xF8,
  0x00, 0x01, 0xFF, 0xFF, 0x80, 0x00, 0x1F, 0xFF, 0xF8, 0x00, 0x01, 0xFF,
  0xFF, 0x80, 0x00, 0x3F, 0xFF, 0xF8, 0x00, 0x03, 0xFF, 0xFF, 0x80, 0x00,
  0x3F, 0xEF, 0xF8, 0x00, 0x07, 0xFE, 0xFF, 0x80, 0x00, 0x7F, 0xEF, 0xFC,
  0x00, 0x0F, 0xFE, 0xFF, 0xE0, 0x01, 0xFF, 0xCF, 0xFF, 0x00, 0x3F, 0xFC,
  0xFF, 0xFF, 0x1F, 0xFF, 0x8F, 0xFF, 0xFF, 0xFF, 0xF8, 0xFF, 0xFF, 0xFF,
  0xFF, 0x0F, 0xFF, 0xFF, 0xFF, 0xE0, 0xFF, 0xBF, 0xFF, 0xFC, 0x0F, 0xF8,
  0xFF, 0xFF, 0x80, 0xFF, 0x87, 0xFF, 0xE0, 0x0F, 0xF8, 0x0F, 0xF0, 0x00,
  0xFF, 0x80, 0x00, 0x00, 0x0F, 0xF8, 0x00, 0x00, 0x00, 0xFF, 0x80, 0x00,
  0x00, 0x0F, 0xF8, 0x00, 0x00, 0x00, 0xFF, 0x80, 0x00, 0x00, 0x0F, 0xF8,
  0x00, 0x00, 0x00, 0xFF, 0x80, 0x00, 0x00, 0x0F, 0xF8, 0x00, 0x00, 0x00,
  0xFF, 0x80, 0x00, 0x00, 0x0F, 0xF8, 0x00, 0x00, 0x00, 0xFF, 0x80, 0x00,
  0x00, 0x0F, 0xF8, 0x00, 0x00, 0x00, 0xFF, 0x80, 0x00, 0x00, 0x0F, 0xF8,
  0x00, 0x00, 0x00, 0xFF, 0x80, 0x00, 0x00, 0x00, 0x00, 0x0F, 0xF0, 0x0F,
  0xF0, 0x03, 0xFF, 0xE0, 0xFF, 0x00, 0xFF, 0xFF, 0x0F, 0xF0, 0x1F, 0xFF,
  0xF8, 0xFF, 0x03, 0xFF, 0xFF, 0xDF, 0xF0, 0x7F, 0xFF, 0xFF, 0xFF, 0x0F,
  0xFF, 0xFF, 0xFF, 0xF1, 0xFF, 0xFC, 0xFF, 0xFF, 0x1F, 0xFC, 0x01, 0xFF,
  0xF3, 0xFF, 0x80, 0x0F, 0xFF, 0x3F, 0xF0, 0x00, 0x7F, 0xF3, 0xFF, 0x00,
  0x03, 0xFF, 0x7F, 0xE0, 0x00, 0x1F, 0xF7, 0xFE, 0x00, 0x01, 0xFF, 0x7F,
  0xC0, 0x00, 0x1F, 0xF7, 0xFC, 0x00, 0x01, 0xFF, 0xFF, 0xC0, 0x00, 0x1F,
  0xFF, 0xFC, 0x00, 0x01, 0xFF, 0xFF, 0xC0, 0x00, 0x1F, 0xFF, 0xFC, 0x00,
  0x01, 0xFF, 0xFF, 0x80, 0x00, 0x1F, 0xFF, 0xF8, 0x00, 0x01, 0xFF, 0xFF,
  0x80, 0x00, 0x1F, 0xFF, 0xF8, 0x00, 0x01, 0xFF, 0xFF, 0x80, 0x00, 0x1F,
  0xFF, 0xFC, 0x00, 0x01, 0xFF, 0xFF, 0xC0, 0x00, 0x1F, 0xFF, 0xFC, 0x00,
  0x01, 0xFF, 0x7F, 0xC0, 0x00, 0x1F, 0xF7, 0xFC, 0x00, 0x01, 0xFF, 0x7F,
  0xE0, 0x00, 0x1F, 0xF7, 0xFE, 0x00, 0x03, 0xFF, 0x3F, 0xF0, 0x00, 0x3F,
  0xF3, 0xFF, 0x80, 0x07, 0xFF, 0x1F, 0xFC, 0x01, 0xFF, 0xF1, 0xFF, 0xF8,
  0xFF, 0xFF, 0x0F, 0xFF, 0xFF, 0xFF, 0xF0, 0xFF, 0xFF, 0xFF, 0xFF, 0x07,
  0xFF, 0xFF, 0xDF, 0xF0, 0x3F, 0xFF, 0xF9, 0xFF, 0x01, 0xFF, 0xFF, 0x1F,
  0xF0, 0x07, 0xFF, 0xE1, 0xFF, 0x00, 0x0F, 0xF0, 0x1F, 0xF0, 0x00, 0x00,
  0x01, 0xFF, 0x00, 0x00, 0x00, 0x1F, 0xF0, 0x00, 0x00, 0x01, 0xFF, 0x00,
  0x00, 0x00, 0x1F, 0xF0, 0x00, 0x00, 0x01, 0xFF, 0x00, 0x00, 0x00, 0x1F,
  0xF0, 0x00, 0x00, 0x01, 0xFF, 0x00, 0x00, 0x00, 0x1F, 0xF0, 0x00, 0x00,
  0x01, 0xFF, 0x00, 0x00, 0x00, 0x1F, 0xF0, 0x00, 0x00, 0x01, 0xFF, 0x00,
  0x00, 0x00, 0x1F, 0xF0, 0x00, 0x00, 0x01, 0xFF, 0x00, 0x00, 0x00, 0x1F,
  0xF0, 0x00, 0x00, 0x01, 0xFF, 0xFF, 0x01, 0xFF, 0xFC, 0x1F, 0xEF, 0xF8,
  0xFF, 0xBF, 0xE7, 0xFE, 0xFF, 0xBF, 0xFB, 0xFF, 0xFF, 0xEF, 0xFF, 0xFF,
  0xBF, 0xFF, 0xFC, 0xFF, 0xF8, 0x03, 0xFF, 0x80, 0x0F, 0xFC, 0x00, 0x3F,
  0xF0, 0x00, 0xFF, 0x80, 0x03, 0xFE, 0x00, 0x0F, 0xF8, 0x00, 0x3F, 0xE0,
  0x00, 0xFF, 0x80, 0x03, 0xFE, 0x00, 0x0F, 0xF8, 0x00, 0x3F, 0xE0, 0x00,
  0xFF, 0x80, 0x03, 0xFE, 0x00, 0x0F, 0xF8, 0x00, 0x3F, 0xE0, 0x00, 0xFF,
  0x80, 0x03, 0xFE, 0x00, 0x0F, 0xF8, 0x00, 0x3F, 0xE0, 0x00, 0xFF, 0x80,
  0x03, 0xFE, 0x00, 0x0F, 0xF8, 0x00, 0x3F, 0xE0, 0x00, 0xFF, 0x80, 0x03,
  0xFE, 0x00, 0x0F, 0xF8, 0x00, 0x3F, 0xE0, 0x00, 0xFF, 0x80, 0x03, 0xFE,
  0x00, 0x0F, 0xF8, 0x00, 0x3F, 0xE0, 0x00, 0xFF, 0x80, 0x00, 0x00, 0x0F,
  0xFC, 0x00, 0x00, 0x1F, 0xFF, 0xE0, 0x00, 0x1F, 0xFF, 0xFE, 0x00, 0x0F,
  0xFF, 0xFF, 0xE0, 0x07, 0xFF, 0xFF, 0xFC, 0x03, 0xFF, 0xFF, 0xFF, 0x81,
  0xFF, 0xFF, 0xFF, 0xF0, 0x7F, 0xFC, 0xFF, 0xFC, 0x3F, 0xF8, 0x03, 0xFF,
  0x8F, 0xFC, 0x00, 0x7F, 0xE3, 0xFE, 0x00, 0x0F, 0xF9, 0xFF, 0x80, 0x03,
  0xFE, 0x7F, 0xC0, 0x00, 0x7F, 0xDF, 0xF8, 0x00, 0x00, 0x03, 0xFE, 0x00,
  0x00, 0x00, 0xFF, 0xC0, 0x00, 0x00, 0x3F, 0xF8, 0x00, 0x00, 0x07, 0xFF,
  0xC0, 0x00, 0x01, 0xFF, 0xFF, 0x00, 0x00, 0x3F, 0xFF, 0xFC, 0x00, 0x03,
  0xFF, 0xFF, 0xE0, 0x00, 0x7F, 0xFF, 0xFE, 0x00, 0x07, 0xFF, 0xFF, 0xC0,
  0x00, 0x3F, 0xFF, 0xF8, 0x00, 0x00, 0xFF, 0xFF, 0x00, 0x00, 0x03, 0xFF,
  0xE0, 0x00, 0x00, 0x3F, 0xF8, 0x00, 0x00, 0x03, 0xFF, 0x00, 0x00, 0x00,
  0x7F, 0xFF, 0xE0, 0x00, 0x1F, 0xFF, 0xF8, 0x00, 0x07, 0xFF, 0xFF, 0x00,
  0x01, 0xFF, 0x7F, 0xC0, 0x00, 0x7F, 0xDF, 0xF8, 0x00, 0x3F, 0xF7, 0xFF,
  0x80, 0x1F, 0xF8, 0xFF, 0xFE, 0x7F, 0xFE, 0x1F, 0xFF, 0xFF, 0xFF, 0x07,
  0xFF, 0xFF, 0xFF, 0xC0, 0xFF, 0xFF, 0xFF, 0xE0, 0x0F, 0xFF, 0xFF, 0xF0,
  0x01, 0xFF, 0xFF, 0xF0, 0x00, 0x1F, 0xFF, 0xF0, 0x00, 0x00, 0xFF, 0xE0,
  0x00, 0x03, 0xFF, 0x00, 0x03, 0xFF, 0x00, 0x03, 0xFF, 0x00, 0x03, 0xFF,
  0x00, 0x03, 0xFF, 0x00, 0x03, 0xFF, 0x00, 0x03, 0xFF, 0x00, 0x03, 0xFF,
  0x00, 0x03, 0xFF, 0x00, 0x03, 0xFF, 0x00, 0xFF, 0xFF, 0xFE, 0xFF, 0xFF,
  0xFE, 0xFF, 0xFF, 0xFE, 0xFF, 0xFF, 0xFE, 0xFF, 0xFF, 0xFE, 0xFF, 0xFF,
  0xFE, 0xFF, 0xFF, 0xFE, 0x03, 0xFF, 0x00, 0x03, 0xFF, 0x00, 0x03, 0xFF,
  0x00, 0x03, 0xFF, 0x00, 0x03, 0xFF, 0x00, 0x03, 0xFF, 0x00, 0x03, 0xFF,
  0x00, 0x03, 0xFF, 0x00, 0x03, 0xFF, 0x00, 0x03, 0xFF, 0x00, 0x03, 0xFF,
  0x00, 0x03, 0xFF, 0x00, 0x03, 0xFF, 0x00, 0x03, 0xFF, 0x00, 0x03, 0xFF,
  0x00, 0x03, 0xFF, 0x00, 0x03, 0xFF, 0x00, 0x03, 0xFF, 0x00, 0x03, 0xFF,
  0x00, 0x03, 0xFF, 0x00, 0x03, 0xFF, 0x00, 0x03, 0xFF, 0x00, 0x03, 0xFF,
  0x00, 0x03, 0xFF, 0x00, 0x01, 0xFF, 0x00, 0x01, 0xFF, 0x00, 0x01, 0xFF,
  0x80, 0x01, 0xFF, 0xE6, 0x01, 0xFF, 0xFE, 0x00, 0xFF, 0xFE, 0x00, 0xFF,
  0xFE, 0x00, 0x7F, 0xFE, 0x00, 0x3F, 0xFE, 0x00, 0x1F, 0xFF, 0x00, 0x03,
  0xF8, 0xFF, 0x80, 0x00, 0x7F, 0xFF, 0xE0, 0x00, 0x1F, 0xFF, 0xF8, 0x00,
  0x07, 0xFF, 0xFE, 0x00, 0x01, 0xFF, 0xFF, 0x80, 0x00, 0x7F, 0xFF, 0xE0,
  0x00, 0x1F, 0xFF, 0xF8, 0x00, 0x07, 0xFF, 0xFE, 0x00, 0x01, 0xFF, 0xFF,
  0x80, 0x00, 0x7F, 0xFF, 0xE0, 0x00, 0x1F, 0xFF, 0xF8, 0x00, 0x07, 0xFF,
  0xFE, 0x00, 0x01, 0xFF, 0xFF, 0x80, 0x00, 0x7F, 0xFF, 0xE0, 0x00, 0x1F,
  0xFF, 0xF8, 0x00, 0x07, 0xFF, 0xFE, 0x00, 0x01, 0xFF, 0xFF, 0x80, 0x00,
  0x7F, 0xFF, 0xE0, 0x00, 0x1F, 0xFF, 0xF8, 0x00, 0x07, 0xFF, 0xFE, 0x00,
  0x01, 0xFF, 0xFF, 0x80, 0x00, 0x7F, 0xFF, 0xE0, 0x00, 0x1F, 0xFF, 0xF8,
  0x00, 0x07, 0xFF, 0xFE, 0x00, 0x01, 0xFF, 0xFF, 0x80, 0x00, 0x7F, 0xFF,
  0xE0, 0x00, 0x1F, 0xFF, 0xF8, 0x00, 0x07, 0xFF, 0xFE, 0x00, 0x01, 0xFF,
  0xFF, 0x80, 0x00, 0x7F, 0xFF, 0xE0, 0x00, 0x1F, 0xFF, 0xFC, 0x00, 0x07,
  0xFF, 0xFF, 0x00, 0x03, 0xFF, 0x7F, 0xE0, 0x01, 0xFF, 0xDF, 0xFC, 0x01,
  0xFF, 0xF7, 0xFF, 0xE7, 0xFF, 0xFC, 0xFF, 0xFF, 0xFE, 0xFF, 0x1F, 0xFF,
  0xFF, 0xBF, 0xC7, 0xFF, 0xFF, 0xCF, 0xF0, 0xFF, 0xFF, 0xE3, 0xFC, 0x1F,
  0xFF, 0xF0, 0xFF, 0x01, 0xFF, 0xF0, 0x3F, 0xC0, 0x1F, 0xF0, 0x0F, 0xF0,
  0xFF, 0xC0, 0x00, 0x0F, 0xFD, 0xFF, 0x00, 0x00, 0x3F, 0xE7, 0xFE, 0x00,
  0x01, 0xFF, 0x9F, 0xF8, 0x00, 0x07, 0xFC, 0x3F, 0xE0, 0x00, 0x1F, 0xF0,
  0xFF, 0x80, 0x00, 0xFF, 0xC1, 0xFF, 0x00, 0x03, 0xFE, 0x07, 0xFC, 0x00,
  0x0F, 0xF8, 0x1F, 0xF0, 0x00, 0x7F, 0xE0, 0x3F, 0xE0, 0x01, 0xFF, 0x00,
  0xFF, 0x80, 0x07, 0xFC, 0x03, 0xFE, 0x00, 0x1F, 0xE0, 0x07, 0xFC, 0x00,
  0xFF, 0x80, 0x1F, 0xF0, 0x03, 0xFE, 0x00, 0x7F, 0xC0, 0x0F, 0xF0, 0x00,
  0xFF, 0x80, 0x7F, 0xC0, 0x03, 0xFE, 0x01, 0xFF, 0x00, 0x07, 0xF8, 0x07,
  0xF8, 0x00, 0x1F, 0xF0, 0x3F, 0xE0, 0x00, 0x7F, 0xC0, 0xFF, 0x80, 0x00,
  0xFF, 0x03, 0xFC, 0x00, 0x03, 0xFC, 0x0F, 0xF0, 0x00, 0x0F, 0xF8, 0x7F,
  0xC0, 0x00, 0x1F, 0xE1, 0xFE, 0x00, 0x00, 0x7F, 0x87, 0xF8, 0x00, 0x01,
  0xFF, 0x3F, 0xE0, 0x00, 0x03, 0xFC, 0xFF, 0x00, 0x00, 0x0F, 0xF3, 0xFC,
  0x00, 0x00, 0x3F, 0xCF, 0xE0, 0x00, 0x00, 0x7F, 0xFF, 0x80, 0x00, 0x01,
  0xFF, 0xFE, 0x00, 0x00, 0x03, 0xFF, 0xF0, 0x00, 0x00, 0x0F, 0xFF, 0xC0,
  0x00, 0x00, 0x3F, 0xFF, 0x00, 0x00, 0x00, 0x7F, 0xF8, 0x00, 0x00, 0x01,
  0xFF, 0xE0, 0x00, 0x00, 0x07, 0xFF, 0x80, 0x00, 0x00, 0x0F, 0xFC, 0x00,
  0x00, 0x00, 0x3F, 0xF0, 0x00, 0x00, 0x00, 0xFF, 0xC0, 0x00, 0x00, 0x01,
  0xFE, 0x00, 0x00, 0xFF, 0xC0, 0x00, 0x7F, 0x00, 0x03, 0xFF, 0x7F, 0xC0,
  0x00, 0xFF, 0x00, 0x03, 0xFE, 0x7F, 0xC0, 0x00, 0xFF, 0x00, 0x03, 0xFE,
  0x7F, 0xC0, 0x00, 0xFF, 0x00, 0x03, 0xFE, 0x3F, 0xE0, 0x01, 0xFF, 0x80,
  0x07, 0xFC, 0x3F, 0xE0, 0x01, 0xFF, 0x80, 0x07, 0xFC, 0x3F, 0xE0, 0x01,
  0xFF, 0x80, 0x07, 0xFC, 0x3F, 0xE0, 0x03, 0xFF, 0xC0, 0x07, 0xFC, 0x1F,
  0xE0, 0x03, 0xFF, 0xC0, 0x07, 0xF8, 0x1F, 0xF0, 0x03, 0xFF, 0xC0, 0x0F,
  0xF8, 0x1F, 0xF0, 0x03, 0xFF, 0xE0, 0x0F, 0xF8, 0x0F, 0xF0, 0x07, 0xFF,
  0xE0, 0x0F, 0xF8, 0x0F, 0xF0, 0x07, 0xFF, 0xE0, 0x0F, 0xF0, 0x0F, 0xF8,
  0x07, 0xFF, 0xF0, 0x0F, 0xF0, 0x0F, 0xF8, 0x0F, 0xFF, 0xF0, 0x1F, 0xF0,
  0x07, 0xF8, 0x0F, 0xE7, 0xF0, 0x1F, 0xE0, 0x07, 0xF8, 0x0F, 0xE7, 0xF0,
  0x1F, 0xE0, 0x07, 0xF8, 0x1F, 0xE7, 0xF8, 0x1F, 0xE0, 0x07, 0xFC, 0x1F,
  0xC3, 0xF8, 0x1F, 0xE0, 0x03, 0xFC, 0x1F, 0xC3, 0xF8, 0x3F, 0xC0, 0x03,
  0xFC, 0x1F, 0xC3, 0xFC, 0x3F, 0xC0, 0x03, 0xFC, 0x3F, 0x81, 0xFC, 0x3F,
  0xC0, 0x01, 0xFC, 0x3F, 0x81, 0xFC, 0x3F, 0xC0, 0x01, 0xFE, 0x3F, 0x81,
  0xFE, 0x3F, 0x80, 0x01, 0xFE, 0x7F, 0x80, 0xFE, 0x7F, 0x80, 0x01, 0xFE,
  0x7F, 0x00, 0xFE, 0x7F, 0x80, 0x00, 0xFE, 0x7F, 0x00, 0xFE, 0x7F, 0x00,
  0x00, 0xFF, 0xFF, 0x00, 0xFF, 0x7F, 0x00, 0x00, 0xFF, 0xFE, 0x00, 0x7F,
  0xFF, 0x00, 0x00, 0x7F, 0xFE, 0x00, 0x7F, 0xFF, 0x00, 0x00, 0x7F, 0xFE,
  0x00, 0x7F, 0xFE, 0x00, 0x00, 0x7F, 0xFC, 0x00, 0x3F, 0xFE, 0x00, 0x00,
  0x7F, 0xFC, 0x00, 0x3F, 0xFE, 0x00, 0x00, 0x3F, 0xFC, 0x00, 0x3F, 0xFC,
  0x00, 0x00, 0x3F, 0xF8, 0x00, 0x1F, 0xFC, 0x00, 0x00, 0x3F, 0xF8, 0x00,
  0x1F, 0xFC, 0x00, 0x00, 0x3F, 0xF8, 0x00, 0x1F, 0xFC, 0x00, 0x00, 0x1F,
  0xF0, 0x00, 0x0F, 0xF8, 0x00, 0x00, 0x1F, 0xF0, 0x00, 0x0F, 0xF8, 0x00,
  0x00, 0x1F, 0xF0, 0x00, 0x0F, 0xF8, 0x00, 0x00, 0x0F, 0xE0, 0x00, 0x07,
  0xF8, 0x00, 0x7F, 0xE0, 0x00, 0x3F, 0xF9, 0xFF, 0x80, 0x03, 0xFF, 0x8F,
  0xFC, 0x00, 0x1F, 0xF8, 0x3F, 0xF0, 0x01, 0xFF, 0xC1, 0xFF, 0xC0, 0x0F,
  0xFC, 0x07, 0xFE, 0x00, 0xFF, 0xC0, 0x1F, 0xF8, 0x07, 0xFE, 0x00, 0xFF,
  0xC0, 0x7F, 0xE0, 0x03, 0xFF, 0x03, 0xFF, 0x00, 0x0F, 0xF8, 0x3F, 0xF0,
  0x00, 0x7F, 0xE1, 0xFF, 0x00, 0x01, 0xFF, 0x1F, 0xF8, 0x00, 0x07, 0xFC,
  0xFF, 0x80, 0x00, 0x3F, 0xEF, 0xF8, 0x00, 0x00, 0xFF, 0xFF, 0xC0, 0x00,
  0x07, 0xFF, 0xFC, 0x00, 0x00, 0x1F, 0xFF, 0xC0, 0x00, 0x00, 0x7F, 0xFE,
  0x00, 0x00, 0x03, 0xFF, 0xE0, 0x00, 0x00, 0x0F, 0xFF, 0x00, 0x00, 0x00,
  0x3F, 0xF0, 0x00, 0x00, 0x03, 0xFF, 0xC0, 0x00, 0x00, 0x3F, 0xFE, 0x00,
  0x00, 0x01, 0xFF, 0xF8, 0x00, 0x00, 0x1F, 0xFF, 0xE0, 0x00, 0x01, 0xFF,
  0xFF, 0x00, 0x00, 0x0F, 0xFF, 0xFC, 0x00, 0x00, 0xFF, 0xBF, 0xF0, 0x00,
  0x0F, 0xFC, 0xFF, 0x80, 0x00, 0x7F, 0xC7, 0xFE, 0x00, 0x07, 0xFE, 0x1F,
  0xF0, 0x00, 0x7F, 0xE0, 0xFF, 0xC0, 0x03, 0xFF, 0x03, 0xFF, 0x00, 0x3F,
  0xF0, 0x0F, 0xF8, 0x03, 0xFF, 0x00, 0x7F, 0xE0, 0x1F, 0xF8, 0x01, 0xFF,
  0x81, 0xFF, 0x80, 0x0F, 0xFC, 0x0F, 0xFC, 0x00, 0x3F, 0xF0, 0xFF, 0xC0,
  0x01, 0xFF, 0xCF, 0xFE, 0x00, 0x07, 0xFE, 0xFF, 0xE0, 0x00, 0x3F, 0xF8,
  0xFF, 0xC0, 0x00, 0x0F, 0xFF, 0xFF, 0x00, 0x00, 0x7F, 0xE7, 0xFC, 0x00,
  0x01, 0xFF, 0x9F, 0xF8, 0x00, 0x07, 0xFE, 0x7F, 0xE0, 0x00, 0x3F, 0xF0,
  0xFF, 0x80, 0x00, 0xFF, 0xC3, 0xFF, 0x00, 0x03, 0xFF, 0x0F, 0xFC, 0x00,
  0x1F, 0xF8, 0x1F, 0xF0, 0x00, 0x7F, 0xE0, 0x7F, 0xE0, 0x01, 0xFF, 0x01,
  0xFF, 0x80, 0x0F, 0xFC, 0x03, 0xFE, 0x00, 0x3F, 0xF0, 0x0F, 0xFC, 0x00,
  0xFF, 0x80, 0x1F, 0xF0, 0x03, 0xFE, 0x00, 0x7F, 0xC0, 0x1F, 0xF8, 0x01,
  0xFF, 0x80, 0x7F, 0xC0, 0x03, 0xFE, 0x01, 0xFF, 0x00, 0x0F, 0xF8, 0x0F,
  0xFC, 0x00, 0x3F, 0xF0, 0x3F, 0xE0, 0x00, 0x7F, 0xC0, 0xFF, 0x80, 0x01,
  0xFF, 0x07, 0xFE, 0x00, 0x07, 0xFC, 0x1F, 0xF0, 0x00, 0x0F, 0xF8, 0x7F,
  0xC0, 0x00, 0x3F, 0xE3, 0xFE, 0x00, 0x00, 0x7F, 0x8F, 0xF8, 0x00, 0x01,
  0xFF, 0x3F, 0xE0, 0x00, 0x07, 0xFD, 0xFF, 0x00, 0x00, 0x0F, 0xF7, 0xFC,
  0x00, 0x00, 0x3F, 0xDF, 0xF0, 0x00, 0x00, 0xFF, 0xFF, 0x80, 0x00, 0x01,
  0xFF, 0xFE, 0x00, 0x00, 0x07, 0xFF, 0xF8, 0x00, 0x00, 0x1F, 0xFF, 0xC0,
  0x00, 0x00, 0x3F, 0xFF, 0x00, 0x00, 0x00, 0xFF, 0xF8, 0x00, 0x00, 0x01,
  0xFF, 0xE0, 0x00, 0x00, 0x07, 0xFF, 0x80, 0x00, 0x00, 0x1F, 0xFC, 0x00,
  0x00, 0x00, 0x3F, 0xF0, 0x00, 0x00, 0x00, 0xFF, 0xC0, 0x00, 0x00, 0x03,
  0xFE, 0x00, 0x00, 0x00, 0x0F, 0xF8, 0x00, 0x00, 0x00, 0x3F, 0xE0, 0x00,
  0x00, 0x00, 0xFF, 0x00, 0x00, 0x00, 0x07, 0xFC, 0x00, 0x00, 0x00, 0x1F,
  0xF0, 0x00, 0x00, 0x00, 0xFF, 0x80, 0x00, 0x00, 0x03, 0xFE, 0x00, 0x00,
  0x00, 0x1F, 0xF0, 0x00, 0x00, 0x00, 0xFF, 0xC0, 0x00, 0x00, 0x9F, 0xFE,
  0x00, 0x00, 0x03, 0xFF, 0xF8, 0x00, 0x00, 0x1F, 0xFF, 0xC0, 0x00, 0x00,
  0x7F, 0xFE, 0x00, 0x00, 0x01, 0xFF, 0xF8, 0x00, 0x00, 0x07, 0xFF, 0xC0,
  0x00, 0x00, 0x1F, 0xFC, 0x00, 0x00, 0x00, 0x3F, 0xC0, 0x00, 0x00, 0x00,
  0x7F, 0xFF, 0xFF, 0xFF, 0x9F, 0xFF, 0xFF, 0xFF, 0xE7, 0xFF, 0xFF, 0xFF,
  0xF9, 0xFF, 0xFF, 0xFF, 0xFE, 0x7F, 0xFF, 0xFF, 0xFF, 0x9F, 0xFF, 0xFF,
  0xFF, 0xE7, 0xFF, 0xFF, 0xFF, 0xF0, 0x00, 0x00, 0x1F, 0xF8, 0x00, 0x00,
  0x0F, 0xFE, 0x00, 0x00, 0x07, 0xFF, 0x00, 0x00, 0x01, 0xFF, 0x80, 0x00,
  0x00, 0xFF, 0xC0, 0x00, 0x00, 0x7F, 0xF0, 0x00, 0x00, 0x3F, 0xF8, 0x00,
  0x00, 0x0F, 0xFC, 0x00, 0x00, 0x07, 0xFE, 0x00, 0x00, 0x03, 0xFF, 0x80,
  0x00, 0x01, 0xFF, 0xC0, 0x00, 0x00, 0x7F, 0xE0, 0x00, 0x00, 0x3F, 0xF0,
  0x00, 0x00, 0x1F, 0xFC, 0x00, 0x00, 0x0F, 0xFE, 0x00, 0x00, 0x03, 0xFF,
  0x00, 0x00, 0x01, 0xFF, 0x80, 0x00, 0x00, 0xFF, 0xE0, 0x00, 0x00, 0x7F,
  0xF0, 0x00, 0x00, 0x1F, 0xF8, 0x00, 0x00, 0x0F, 0xFC, 0x00, 0x00, 0x07,
  0xFF, 0x00, 0x00, 0x03, 0xFF, 0x80, 0x00, 0x00, 0xFF, 0xC0, 0x00, 0x00,
  0x7F, 0xE0, 0x00, 0x00, 0x3F, 0xF8, 0x00, 0x00, 0x1F, 0xFC, 0x00, 0x00,
  0x07, 0xFF, 0xFF, 0xFF, 0xFF, 0xFF, 0xFF, 0xFF, 0xFF, 0xFF, 0xFF, 0xFF,
  0xFF, 0xFF, 0xFF, 0xFF, 0xFF, 0xFF, 0xFF, 0xFF, 0xFF, 0xFF, 0xFF, 0xFF,
  0xFF, 0xFF, 0xFF, 0xFF, 0xFF, 0xFF, 0xC0, 0x00, 0x00, 0x18, 0x00, 0x01,
  0xF8, 0x00, 0x07, 0xF0, 0x00, 0x3F, 0xE0, 0x00, 0xFF, 0xE0, 0x03, 0xFF,
  0x80, 0x07, 0xFC, 0x00, 0x1F, 0xF0, 0x00, 0x7F, 0xC0, 0x00, 0xFF, 0x80,
  0x01, 0xFE, 0x00, 0x07, 0xFC, 0x00, 0x0F, 0xF8, 0x00, 0x1F, 0xF0, 0x00,
  0x3F, 0xC0, 0x00, 0x7F, 0x80, 0x01, 0xFF, 0x00, 0x03, 0xFE, 0x00, 0x07,
  0xFC, 0x00, 0x0F, 0xF8, 0x00, 0x1F, 0xF0, 0x00, 0x3F, 0xE0, 0x00, 0x7F,
  0xC0, 0x00, 0xFF, 0x80, 0x01, 0xFF, 0x00, 0x03, 0xFE, 0x00, 0x07, 0xFC,
  0x00, 0x0F, 0xF8, 0x00, 0x1F, 0xF0, 0x00, 0x3F, 0xE0, 0x00, 0xFF, 0x80,
  0x01, 0xFF, 0x00, 0x0F, 0xFC, 0x00, 0x7F, 0xF8, 0x03, 0xFF, 0xE0, 0x07,
  0xFF, 0x80, 0x0F, 0xFE, 0x00, 0x1F, 0xF8, 0x00, 0x3F, 0xF8, 0x00, 0x7F,
  0xF8, 0x00, 0xFF, 0xF8, 0x00, 0x3F, 0xF8, 0x00, 0x1F, 0xF8, 0x00, 0x1F,
  0xF0, 0x00, 0x3F, 0xE0, 0x00, 0x3F, 0xE0, 0x00, 0x7F, 0xC0, 0x00, 0xFF,
  0x80, 0x01, 0xFF, 0x00, 0x03, 0xFE, 0x00, 0x07, 0xFC, 0x00, 0x0F, 0xF8,
  0x00, 0x1F, 0xF0, 0x00, 0x3F, 0xE0, 0x00, 0x7F, 0xC0, 0x00, 0xFF, 0x80,
  0x01, 0xFF, 0x00, 0x03, 0xFE, 0x00, 0x03, 0xFC, 0x00, 0x07, 0xF8, 0x00,
  0x0F, 0xF0, 0x00, 0x1F, 0xF0, 0x00, 0x3F, 0xE0, 0x00, 0x7F, 0xC0, 0x00,
  0x7F, 0xC0, 0x00, 0xFF, 0x80, 0x00, 0xFF, 0x80, 0x01, 0xFF, 0x80, 0x01,
  0xFF, 0x80, 0x01, 0xFF, 0xC0, 0x01, 0xFF, 0x80, 0x01, 0xFE, 0x00, 0x01,
  0xFC, 0x00, 0x00, 0xF8, 0x00, 0x00, 0x20, 0xFF, 0xFF, 0xFF, 0xFF, 0xFF,
  0xFF, 0xFF, 0xFF, 0xFF, 0xFF, 0xFF, 0xFF, 0xFF, 0xFF, 0xFF, 0xFF, 0xFF,
  0xFF, 0xFF, 0xFF, 0xFF, 0xFF, 0xFF, 0xFF, 0xFF, 0xFF, 0xFF, 0xFF, 0xFF,
  0xFF, 0xFF, 0xFF, 0xFF, 0xFF, 0xFF, 0xFF, 0xFF, 0xFF, 0xFF, 0xFF, 0xFF,
  0xFF, 0xFF, 0xFF, 0xFF, 0xFF, 0xFF, 0xFF, 0xFF, 0xFF, 0xFF, 0xFF, 0xFF,
  0xFF, 0xFF, 0xFF, 0xFF, 0xFF, 0xFF, 0xFF, 0xFF, 0xFF, 0xFF, 0xFF, 0xFF,
  0xFF, 0xFF, 0xFF, 0xFF, 0xFF, 0xFF, 0xFF, 0xFF, 0xFF, 0xC0, 0x30, 0x00,
  0x00, 0xFC, 0x00, 0x01, 0xFC, 0x00, 0x03, 0xFE, 0x00, 0x0F, 0xFE, 0x00,
  0x0F, 0xFE, 0x00, 0x07, 0xFE, 0x00, 0x07, 0xFC, 0x00, 0x07, 0xFC, 0x00,
  0x0F, 0xF8, 0x00, 0x0F, 0xF0, 0x00, 0x1F, 0xF0, 0x00, 0x3F, 0xE0, 0x00,
  0x3F, 0xC0, 0x00, 0x7F, 0x80, 0x00, 0xFF, 0x00, 0x01, 0xFF, 0x00, 0x03,
  0xFE, 0x00, 0x07, 0xFC, 0x00, 0x0F, 0xF8, 0x00, 0x1F, 0xF0, 0x00, 0x3F,
  0xE0, 0x00, 0x7F, 0xC0, 0x00, 0xFF, 0x80, 0x01, 0xFF, 0x00, 0x03, 0xFE,
  0x00, 0x07, 0xFC, 0x00, 0x0F, 0xF8, 0x00, 0x1F, 0xF0, 0x00, 0x3F, 0xE0,
  0x00, 0x3F, 0xE0, 0x00, 0x7F, 0xC0, 0x00, 0x7F, 0xE0, 0x00, 0xFF, 0xF8,
  0x00, 0xFF, 0xF8, 0x00, 0xFF, 0xF0, 0x00, 0xFF, 0xE0, 0x00, 0xFF, 0xC0,
  0x03, 0xFF, 0x80, 0x0F, 0xFF, 0x00, 0x3F, 0xFE, 0x00, 0xFF, 0xE0, 0x03,
  0xFF, 0x00, 0x07, 0xFC, 0x00, 0x0F, 0xF8, 0x00, 0x3F, 0xE0, 0x00, 0x7F,
  0xC0, 0x00, 0xFF, 0x80, 0x01, 0xFF, 0x00, 0x03, 0xFE, 0x00, 0x07, 0xFC,
  0x00, 0x0F, 0xF8, 0x00, 0x1F, 0xF0, 0x00, 0x3F, 0xE0, 0x00, 0x7F, 0xC0,
  0x00, 0xFF, 0x80, 0x01, 0xFF, 0x00, 0x03, 0xFE, 0x00, 0x07, 0xFC, 0x00,
  0x0F, 0xF0, 0x00, 0x1F, 0xE0, 0x00, 0x7F, 0xC0, 0x00, 0xFF, 0x80, 0x01,
  0xFF, 0x00, 0x03, 0xFC, 0x00, 0x0F, 0xF8, 0x00, 0x3F, 0xE0, 0x00, 0xFF,
  0xC0, 0x03, 0xFF, 0x00, 0x1F, 0xFC, 0x00, 0x3F, 0xF0, 0x00, 0x3F, 0xC0,
  0x00, 0x7F, 0x00, 0x00, 0xF8, 0x00, 0x00, 0x80, 0x00, 0x00, 0x00, 0x7F,
  0x00, 0x00, 0x00, 0x00, 0x3F, 0xFC, 0x00, 0x00, 0x00, 0x1F, 0xFF, 0xE0,
  0x00, 0x1F, 0x87, 0xFF, 0xFE, 0x00, 0x03, 0xF1, 0xFF, 0xFF, 0xE0, 0x00,
  0xFE, 0x3F, 0xFF, 0xFF, 0x00, 0x1F, 0xCF, 0xFF, 0xFF, 0xF0, 0x07, 0xF9,
  0xFF, 0xFF, 0xFF, 0x01, 0xFF, 0x7F, 0xC0, 0xFF, 0xFC, 0xFF, 0xCF, 0xF0,
  0x0F, 0xFF, 0xFF, 0xF9, 0xFC, 0x00, 0x7F, 0xFF, 0xFE, 0x3F, 0x00, 0x07,
  0xFF, 0xFF, 0xCF, 0xE0, 0x00, 0x7F, 0xFF, 0xF0, 0x7C, 0x00, 0x03, 0xFF,
  0xFC, 0x00, 0x00, 0x00, 0x1F, 0xFE, 0x00, 0x00, 0x00, 0x00, 0x7F, 0x00 };

const GFXglyph Roboto_Medium40pt7bGlyphs[] PROGMEM = {
  {     0,   1,   1,  19,    0,    0 },   // 0x20 ' '
  {     1,   9,  55,  21,    6,  -54 },   // 0x21 '!'
  {    63,  21,  20,  30,    5,  -54 },   // 0x22 '"'
  {   116,  43,  55,  48,    2,  -54 },   // 0x23 '#'
  {   412,  37,  73,  46,    4,  -64 },   // 0x24 '$'
  {   750,  50,  57,  57,    4,  -55 },   // 0x25 '%'
  {  1107,  46,  56,  50,    2,  -55 },   // 0x26 '&'
  {  1429,   9,  20,  17,    4,  -54 },   // 0x27 '''
  {  1452,  21,  79,  26,    5,  -62 },   // 0x28 '('
  {  1660,  21,  80,  27,    1,  -63 },   // 0x29 ')'
  {  1870,  28,  27,  33,    3,  -40 },   // 0x2A '*'
  {  1965,  38,  40,  43,    3,  -45 },   // 0x2B '+'
  {  2155,  12,  20,  18,    2,   -8 },   // 0x2C ','
  {  2185,  22,   7,  35,    6,  -26 },   // 0x2D '-'
  {  2205,   9,   9,  22,    6,   -8 },   // 0x2E '.'
  {  2216,  30,  60,  32,    0,  -54 },   // 0x2F '/'
  {  2441,  36,  57,  44,    4,  -55 },   // 0x30 '0'
  {  2698,  21,  56,  44,    8,  -55 },   // 0x31 '1'
  {  2845,  37,  56,  44,    4,  -55 },   // 0x32 '2'
  {  3104,  37,  57,  44,    4,  -55 },   // 0x33 '3'
  {  3368,  40,  55,  44,    2,  -54 },   // 0x34 '4'
  {  3643,  35,  56,  44,    5,  -54 },   // 0x35 '5'
  {  3888,  37,  57,  44,    4,  -55 },   // 0x36 '6'
  {  4152,  38,  55,  44,    3,  -54 },   // 0x37 '7'
  {  4414,  37,  57,  44,    4,  -55 },   // 0x38 '8'
  {  4678,  37,  57,  44,    3,  -55 },   // 0x39 '9'
  {  4942,   9,  42,  21,    6,  -41 },   // 0x3A ':'
  {  4990,  12,  53,  21,    4,  -41 },   // 0x3B ';'
  {  5070,  32,  36,  40,    2,  -38 },   // 0x3C '<'
  {  5214,  32,  24,  44,    6,  -37 },   // 0x3D '='
  {  5310,  33,  35,  41,    5,  -37 },   // 0x3E '>'
  {  5455,  33,  56,  38,    2,  -55 },   // 0x3F '?'
  {  5686,  64,  72,  70,    3,  -54 },   // 0x40 '@'
  {  6262,  47,  55,  50,    1,  -54 },   // 0x41 'A'
  {  6586,  41,  55,  50,    6,  -54 },   // 0x42 'B'
  {  6868,  43,  57,  50,    4,  -55 },   // 0x43 'C'
  {  7175,  42,  55,  52,    6,  -54 },   // 0x44 'D'
  {  7464,  35,  55,  43,    6,  -54 },   // 0x45 'E'
  {  7705,  35,  55,  43,    6,  -54 },   // 0x46 'F'
  {  7946,  43,  57,  52,    4,  -55 },   // 0x47 'G'
  {  8253,  43,  55,  55,    6,  -54 },   // 0x48 'H'
  {  8549,   9,  55,  22,    7,  -54 },   // 0x49 'I'
  {  8611,  35,  56,  43,    2,  -54 },   // 0x4A 'J'
  {  8856,  43,  55,  50,    6,  -54 },   // 0x4B 'K'
  {  9152,  35,  55,  43,    6,  -54 },   // 0x4C 'L'
  {  9393,  56,  55,  68,    6,  -54 },   // 0x4D 'M'
  {  9778,  43,  55,  55,    6,  -54 },   // 0x4E 'N'
  { 10074,  45,  57,  53,    4,  -55 },   // 0x4F 'O'
  { 10395,  41,  55,  50,    6,  -54 },   // 0x50 'P'
  { 10677,  49,  62,  55,    4,  -55 },   // 0x51 'Q'
  { 11057,  41,  55,  50,    6,  -54 },   // 0x52 'R'
  { 11339,  40,  57,  48,    4,  -55 },   // 0x53 'S'
  { 11624,  44,  55,  46,    1,  -54 },   // 0x54 'T'
  { 11927,  43,  56,  53,    5,  -54 },   // 0x55 'U'
  { 12228,  48,  55,  50,    1,  -54 },   // 0x56 'V'
  { 12558,  66,  55,  68,    1,  -54 },   // 0x57 'W'
  { 13012,  46,  55,  50,    2,  -54 },   // 0x58 'X'
  { 13329,  47,  55,  50,    1,  -54 },   // 0x59 'Y'
  { 13653,  39,  55,  46,    3,  -54 },   // 0x5A 'Z'
  { 13922,  16,  76,  21,    5,  -63 },   // 0x5B '['
  { 14074,  32,  60,  33,    1,  -54 },   // 0x5C '\'
  { 14314,  16,  76,  21,    0,  -63 },   // 0x5D ']'
  { 14466,  29,  28,  33,    2,  -54 },   // 0x5E '^'
  { 14568,  35,   7,  35,    0,    1 },   // 0x5F '_'
  { 14599,  17,  10,  25,    3,  -58 },   // 0x60 '`'
  { 14621,  36,  43,  42,    3,  -41 },   // 0x61 'a'
  { 14815,  36,  60,  44,    5,  -58 },   // 0x62 'b'
  { 15085,  35,  43,  41,    3,  -41 },   // 0x63 'c'
  { 15274,  36,  59,  44,    3,  -58 },   // 0x64 'd'
  { 15540,  35,  43,  41,    3,  -41 },   // 0x65 'e'
  { 15729,  26,  60,  26,    2,  -59 },   // 0x66 'f'
  { 15924,  36,  59,  44,    3,  -41 },   // 0x67 'g'
  { 16190,  34,  59,  44,    5,  -58 },   // 0x68 'h'
  { 16441,  10,  59,  20,    5,  -58 },   // 0x69 'i'
  { 16515,  18,  76,  20,   -3,  -58 },   // 0x6A 'j'
  { 16686,  36,  59,  41,    5,  -58 },   // 0x6B 'k'
  { 16952,  10,  59,  20,    5,  -58 },   // 0x6C 'l'
  { 17026,  58,  42,  68,    5,  -41 },   // 0x6D 'm'
  { 17331,  34,  42,  44,    5,  -41 },   // 0x6E 'n'
  { 17510,  38,  43,  44,    3,  -41 },   // 0x6F 'o'
  { 17715,  36,  57,  44,    5,  -40 },   // 0x70 'p'
  { 17972,  36,  58,  44,    3,  -41 },   // 0x71 'q'
  { 18233,  22,  41,  27,    5,  -40 },   // 0x72 'r'
  { 18346,  34,  43,  41,    3,  -41 },   // 0x73 's'
  { 18529,  24,  52,  27,    1,  -50 },   // 0x74 't'
  { 18685,  34,  42,  44,    5,  -40 },   // 0x75 'u'
  { 18864,  38,  41,  40,    1,  -40 },   // 0x76 'v'
  { 19059,  56,  41,  58,    1,  -40 },   // 0x77 'w'
  { 19346,  37,  41,  40,    1,  -40 },   // 0x78 'x'
  { 19536,  38,  58,  40,    1,  -40 },   // 0x79 'y'
  { 19812,  34,  41,  40,    3,  -40 },   // 0x7A 'z'
  { 19987,  23,  75,  26,    2,  -60 },   // 0x7B '{'
  { 20203,   9,  66,  20,    5,  -54 },   // 0x7C '|'
  { 20278,  23,  75,  26,    1,  -60 },   // 0x7D '}'
  { 20494,  43,  16,  52,    4,  -30 } }; // 0x7E '~'

const GFXfont Roboto_Medium40pt7b PROGMEM = {
  (uint8_t  *)Roboto_Medium40pt7bBitmaps,
  (GFXglyph *)Roboto_Medium40pt7bGlyphs,
  0x20, 0x7E, 92 };

// Approx. 21252 bytes
